STATE,COUNTY,B19083_001E,B22008_003E,B22008_002E,STATE_NAME
1,1,0.0,0.0,0.0113,Alabama
1,3,0.0811,0.0739,0.0465,Alabama
1,5,0.0,0.0,0.0,Alabama
1,7,0.0,0.0,0.0338,Alabama
1,9,0.0,0.0,0.0451,Alabama
1,11,0.0,0.0,0.0,Alabama
1,13,0.0,0.0,0.015,Alabama
1,15,0.2515,0.2292,0.0175,Alabama
1,17,0.0,0.0,0.0601,Alabama
1,19,0.0,0.0,0.0,Alabama
1,21,0.0,0.0,0.0301,Alabama
1,23,0.0,0.0,0.0,Alabama
1,25,0.0,0.0,0.0451,Alabama
1,27,0.0,0.0,0.1015,Alabama
1,29,0.0,0.0,0.0,Alabama
1,31,0.0,0.0,0.0097,Alabama
1,33,0.0,0.0,0.0193,Alabama
1,35,0.0,0.0,0.1082,Alabama
1,37,0.0,0.0,0.0902,Alabama
1,39,0.0,0.0,0.0483,Alabama
1,41,0.0,0.0,0.0,Alabama
1,43,0.0,0.0,0.0301,Alabama
1,45,0.0,0.0,0.0483,Alabama
1,47,0.0,0.0,0.0271,Alabama
1,49,0.0,0.0,0.0,Alabama
1,51,0.0,0.0,0.009,Alabama
1,53,0.0,0.0,0.0451,Alabama
1,55,0.0,0.0,0.0406,Alabama
1,57,0.0,0.0,0.0,Alabama
1,59,0.0,0.0,0.015,Alabama
1,61,0.0,0.0,0.0226,Alabama
1,63,0.0,0.0,0.0,Alabama
1,65,0.0,0.0,0.0226,Alabama
1,67,0.0,0.0,0.0226,Alabama
1,69,0.0,0.0,0.0,Alabama
1,71,0.0,0.0,0.0,Alabama
1,73,0.0,0.0144,0.0398,Alabama
1,75,0.0,0.0,0.0,Alabama
1,77,0.0,0.0,0.0185,Alabama
1,79,0.0,0.0,0.0301,Alabama
1,81,0.0,0.0,0.0601,Alabama
1,83,0.0,0.0,0.0338,Alabama
1,85,0.0,0.0,0.0,Alabama
1,87,0.0,0.1973,0.0451,Alabama
1,89,0.0,0.0,0.05,Alabama
1,91,0.0,0.0,0.0451,Alabama
1,93,0.0,0.0,0.0,Alabama
1,95,0.0,0.0,0.015,Alabama
1,97,0.0452,0.0412,0.0341,Alabama
1,99,0.0,0.0,0.058,Alabama
1,101,0.0,0.0,0.0416,Alabama
1,103,0.0,0.0,0.0401,Alabama
1,105,0.0,0.0,0.0,Alabama
1,107,0.0,0.0,0.0,Alabama
1,109,0.0,0.0,0.0338,Alabama
1,111,0.0,0.0,0.0451,Alabama
1,113,0.0,0.0,0.0104,Alabama
1,115,0.0,0.0,0.0208,Alabama
1,117,0.054,0.0493,0.0592,Alabama
1,119,0.0,0.0,0.0,Alabama
1,121,0.0,0.0,0.0308,Alabama
1,123,0.0,0.0,0.0135,Alabama
1,125,0.0,0.0,0.0432,Alabama
1,127,0.0,0.0,0.0226,Alabama
1,129,0.0,0.0,0.0271,Alabama
1,131,0.0,0.0,0.0,Alabama
1,133,0.0,0.0,0.0,Alabama
2,13,0.0,0.0,0.0,Alaska
2,16,0.0,0.0,0.0676,Alaska
2,20,0.0,0.0,0.059,Alaska
2,50,0.0,0.0,0.0,Alaska
2,60,0.0,0.0,0.0,Alaska
2,68,0.0,0.0,0.1353,Alaska
2,70,0.0,0.0,0.0,Alaska
2,90,0.0,0.0,0.0854,Alaska
2,100,0.0,0.0,0.0,Alaska
2,105,0.0,0.0,0.0,Alaska
2,110,0.0,0.0,0.0676,Alaska
2,122,0.0,0.0,0.0416,Alaska
2,130,0.0,0.0,0.0,Alaska
2,150,0.0,0.0,0.0271,Alaska
2,158,0.0,0.0,0.0,Alaska
2,164,0.0,0.0,0.0,Alaska
2,170,0.0,0.0,0.0226,Alaska
2,180,0.0,0.0,0.0,Alaska
2,185,0.8661,0.7893,0.0902,Alaska
2,188,0.0,0.0,0.0,Alaska
2,195,0.0,0.0,0.0,Alaska
2,198,0.6496,0.592,0.0338,Alaska
2,220,0.0,0.0,0.0,Alaska
2,230,0.0,0.0,0.0,Alaska
2,240,0.0,0.0,0.0676,Alaska
2,261,0.0,0.0,0.0902,Alaska
2,275,0.0,0.0,0.0,Alaska
2,282,0.0,0.0,0.0,Alaska
2,290,0.0,0.0,0.0,Alaska
4,1,0.0,0.0,0.0085,Arizona
4,3,0.0,0.0,0.0254,Arizona
4,5,0.0,0.0,0.0338,Arizona
4,7,0.0,0.0,0.0254,Arizona
4,9,0.0,0.0,0.0601,Arizona
4,11,0.0,0.0,0.0,Arizona
4,12,0.2887,0.2631,0.0601,Arizona
4,13,0.0226,0.0362,0.0567,Arizona
4,15,0.0,0.0,0.0346,Arizona
4,17,0.0,0.0,0.0087,Arizona
4,19,0.0107,0.0097,0.046,Arizona
4,21,0.0,0.0,0.0433,Arizona
4,23,0.0,0.0,0.0135,Arizona
4,25,0.0,0.0,0.0354,Arizona
4,27,0.1416,0.1291,0.0443,Arizona
5,1,0.0,0.0,0.0846,Arkansas
5,3,0.0,0.0,0.0193,Arkansas
5,5,0.0,0.0,0.0301,Arkansas
5,7,0.0,0.0,0.0718,Arkansas
5,9,0.0,0.0,0.0387,Arkansas
5,11,0.0,0.0,0.0541,Arkansas
5,13,0.0,0.0,0.0,Arkansas
5,15,0.0,0.0,0.0,Arkansas
5,17,0.0,0.0,0.0338,Arkansas
5,19,0.0,0.0,0.0,Arkansas
5,21,0.0,0.0,0.0226,Arkansas
5,23,0.0,0.0,0.0387,Arkansas
5,25,0.0,0.0,0.0676,Arkansas
5,27,0.0,0.0,0.0,Arkansas
5,29,0.0,0.0,0.0226,Arkansas
5,31,0.0,0.0,0.008,Arkansas
5,33,0.0,0.0,0.0123,Arkansas
5,35,0.0,0.0,0.0271,Arkansas
5,37,0.0,0.0,0.0,Arkansas
5,39,0.0,0.0,0.0902,Arkansas
5,41,0.0,0.0,0.0541,Arkansas
5,43,0.0,0.0,0.0271,Arkansas
5,45,0.0,0.0,0.0379,Arkansas
5,47,0.0,0.0,0.0,Arkansas
5,49,0.0,0.0,0.0,Arkansas
5,51,0.0,0.0,0.0406,Arkansas
5,53,0.0,0.0,0.0338,Arkansas
5,55,0.0,0.0,0.0301,Arkansas
5,57,0.0,0.0,0.0541,Arkansas
5,59,0.0,0.0,0.0193,Arkansas
5,61,0.0,0.0,0.0,Arkansas
5,63,0.0,0.0,0.0338,Arkansas
5,65,0.0,0.0,0.0,Arkansas
5,67,0.0,0.0,0.0271,Arkansas
5,69,0.1084,0.0987,0.0451,Arkansas
5,71,0.0,0.0,0.0,Arkansas
5,73,0.0,0.0,0.0,Arkansas
5,75,0.0,0.0,0.0226,Arkansas
5,77,0.0,0.0,0.0338,Arkansas
5,79,0.0,0.0,0.0676,Arkansas
5,81,0.0,0.0,0.0,Arkansas
5,83,0.0,0.0,0.0,Arkansas
5,85,0.0,0.0,0.0592,Arkansas
5,87,0.0,0.0,0.0338,Arkansas
5,89,0.0,0.0,0.0338,Arkansas
5,91,0.0,0.1973,0.0564,Arkansas
5,93,0.0,0.0,0.0113,Arkansas
5,95,0.0,0.0,0.0451,Arkansas
5,97,0.0,0.0,0.0,Arkansas
5,99,0.0,0.0,0.0451,Arkansas
5,101,0.0,0.0,0.0676,Arkansas
5,103,0.0,0.0,0.0226,Arkansas
5,105,0.0,0.0,0.0,Arkansas
5,107,0.0,0.0,0.0226,Arkansas
5,109,0.0,0.0,0.0,Arkansas
5,111,0.0,0.0,0.0,Arkansas
5,113,0.0,0.0,0.0451,Arkansas
5,115,0.0,0.0,0.0369,Arkansas
5,117,0.0,0.0,0.0,Arkansas
5,119,0.0273,0.05,0.0484,Arkansas
5,121,0.0,0.0,0.0,Arkansas
5,123,0.0,0.0,0.0,Arkansas
5,125,0.0,0.0,0.058,Arkansas
5,127,0.0,0.0,0.0,Arkansas
5,129,0.0,0.0,0.0,Arkansas
5,131,0.0,0.0,0.052,Arkansas
5,133,0.0,0.0,0.0,Arkansas
5,135,0.0,0.0,0.0,Arkansas
5,137,0.0,0.0,0.0,Arkansas
5,139,0.0,0.0,0.0135,Arkansas
5,141,0.0,0.0,0.0271,Arkansas
5,143,0.0,0.0,0.0423,Arkansas
5,145,0.0,0.0,0.052,Arkansas
5,147,0.0,0.0,0.0,Arkansas
5,149,0.0,0.0,0.0676,Arkansas
6,1,0.0073,0.0066,0.0742,California
6,3,0.0,0.0,0.0,California
6,5,0.0,0.0,0.0601,California
6,7,0.0,0.0,0.0477,California
6,9,0.0,0.0,0.0271,California
6,11,0.0,0.0,0.0,California
6,13,0.0125,0.0114,0.0807,California
6,15,0.3248,0.296,0.0507,California
6,17,0.0605,0.1101,0.0912,California
6,19,0.013,0.0118,0.0252,California
6,21,0.0,0.0,0.0,California
6,23,0.0839,0.0765,0.0131,California
6,25,0.0,0.0765,0.0262,California
6,27,0.0,0.0,0.0226,California
6,29,0.0689,0.0628,0.0233,California
6,31,0.1925,0.1755,0.0351,California
6,33,0.0,0.0,0.0631,California
6,35,0.0,0.0,0.015,California
6,37,0.0366,0.0374,0.0597,California
6,39,0.0,0.0,0.0353,California
6,41,0.0928,0.0845,0.1063,California
6,43,0.0,0.0,0.0226,California
6,45,0.1237,0.1127,0.0451,California
6,47,0.0,0.0,0.0193,California
6,49,0.0,0.0,0.0338,California
6,51,0.0,0.0,0.0902,California
6,53,0.0829,0.1009,0.0547,California
6,55,0.0,0.0592,0.0846,California
6,57,0.0,0.0,0.0609,California
6,59,0.0133,0.0121,0.0712,California
6,61,0.0307,0.0556,0.086,California
6,63,0.0,0.0,0.0773,California
6,65,0.0114,0.0104,0.049,California
6,67,0.0,0.0,0.0504,California
6,69,0.0,0.0,0.0369,California
6,71,0.021,0.0192,0.0359,California
6,73,0.0288,0.0263,0.064,California
6,75,0.0265,0.036,0.0886,California
6,77,0.0,0.0,0.0243,California
6,79,0.0961,0.0876,0.0802,California
6,81,0.033,0.0301,0.101,California
6,83,0.0865,0.0789,0.0722,California
6,85,0.0,0.0,0.0844,California
6,87,0.0491,0.0448,0.0613,California
6,89,0.0,0.0,0.0535,California
6,91,0.0,0.0,0.0,California
6,93,0.0,0.0,0.0193,California
6,95,0.054,0.0493,0.0634,California
6,97,0.026,0.0237,0.0636,California
6,99,0.0,0.0,0.0187,California
6,101,0.0,0.0,0.0193,California
6,103,0.0,0.0,0.0246,California
6,105,0.0,0.0,0.0271,California
6,107,0.0333,0.0303,0.0191,California
6,109,0.2362,0.2153,0.0615,California
6,111,0.0299,0.0272,0.0661,California
6,113,0.0,0.0,0.066,California
6,115,0.0,0.0,0.0387,California
8,1,0.0268,0.0244,0.0572,Colorado
8,3,0.0,0.0,0.0,Colorado
8,5,0.0,0.0,0.0727,Colorado
8,7,0.0,0.0,0.1015,Colorado
8,9,0.0,0.0,0.0,Colorado
8,11,0.0,0.0,0.0,Colorado
8,13,0.0,0.0,0.0756,Colorado
8,14,0.4332,0.3947,0.1052,Colorado
8,15,0.0,0.0,0.1082,Colorado
8,17,0.0,0.0,0.0,Colorado
8,19,0.0,0.0,0.0451,Colorado
8,21,0.0,0.0,0.0,Colorado
8,23,0.0,0.0,0.0,Colorado
8,25,0.0,0.0,0.0,Colorado
8,27,0.0,0.0,0.0,Colorado
8,29,0.0,0.0,0.0,Colorado
8,31,0.0179,0.0163,0.0583,Colorado
8,33,0.0,0.0,0.1353,Colorado
8,35,0.0,0.0,0.102,Colorado
8,37,0.0,0.0,0.116,Colorado
8,39,0.0,0.0,0.0966,Colorado
8,41,0.02,0.0182,0.052,Colorado
8,43,0.5568,0.5075,0.0483,Colorado
8,45,0.0,0.0,0.0861,Colorado
8,47,0.0,0.0,0.0,Colorado
8,49,0.0,0.0,0.0451,Colorado
8,51,0.0,0.0,0.0338,Colorado
8,53,0.0,0.0,0.0,Colorado
8,55,0.0,0.0,0.0,Colorado
8,57,0.0,0.0,0.0,Colorado
8,59,0.0377,0.0343,0.0922,Colorado
8,61,0.0,0.0,0.0,Colorado
8,63,0.0,0.0,0.0,Colorado
8,65,0.0,0.0,0.1353,Colorado
8,67,0.0,0.0,0.0812,Colorado
8,69,0.0,0.0,0.0741,Colorado
8,71,0.0,0.0,0.0,Colorado
8,73,0.0,0.0,0.0676,Colorado
8,75,0.0,0.0,0.0451,Colorado
8,77,0.0,0.0,0.0466,Colorado
8,79,0.0,0.0,0.0,Colorado
8,81,0.0,0.0,0.0676,Colorado
8,83,0.0,0.0,0.0193,Colorado
8,85,0.0,0.0,0.0406,Colorado
8,87,0.0,0.0,0.0169,Colorado
8,89,0.0,0.0,0.0193,Colorado
8,91,0.0,0.0,0.0,Colorado
8,93,0.0,0.0,0.0541,Colorado
8,95,0.0,0.0,0.0676,Colorado
8,97,0.0,0.0,0.1015,Colorado
8,99,0.0,0.0,0.0541,Colorado
8,101,0.0946,0.0862,0.0541,Colorado
8,103,0.0,0.0,0.0676,Colorado
8,105,0.0,0.0,0.0451,Colorado
8,107,0.0,0.0,0.0846,Colorado
8,109,0.0,0.0,0.0,Colorado
8,111,0.0,0.0,0.1353,Colorado
8,113,0.0,0.0,0.1015,Colorado
8,115,0.0,0.0,0.0,Colorado
8,117,0.0,0.0,0.1082,Colorado
8,119,0.0,0.0,0.0451,Colorado
8,121,0.0,0.0,0.0,Colorado
8,123,0.0338,0.0308,0.072,Colorado
8,125,0.0,0.0,0.0,Colorado
9,1,0.0247,0.0225,0.0757,Connecticut
9,3,0.0348,0.0424,0.0495,Connecticut
9,5,0.0,0.0,0.061,Connecticut
9,7,0.0702,0.0639,0.0548,Connecticut
9,9,0.0138,0.0126,0.042,Connecticut
9,11,0.0787,0.0718,0.0451,Connecticut
9,13,0.0896,0.1634,0.0607,Connecticut
9,15,0.0,0.0,0.0379,Connecticut
10,1,0.0787,0.0718,0.0123,Delaware
10,3,0.0398,0.0362,0.0527,Delaware
10,5,0.0481,0.0438,0.0451,Delaware
11,1,0.0291,0.0265,0.062,District of Columbia
12,1,0.0,0.0424,0.0507,Florida
12,3,0.0,0.0,0.0676,Florida
12,5,0.059,0.0538,0.043,Florida
12,7,0.0,0.0,0.0,Florida
12,9,0.0683,0.0623,0.0285,Florida
12,11,0.0143,0.013,0.0478,Florida
12,13,0.0,0.0,0.0,Florida
12,15,0.0665,0.0606,0.0451,Florida
12,17,0.0928,0.0845,0.0193,Florida
12,19,0.0,0.0,0.0226,Florida
12,21,0.0351,0.032,0.064,Florida
12,23,0.0,0.0,0.0226,Florida
12,27,0.0,0.0,0.0,Florida
12,29,0.6496,0.592,0.0338,Florida
12,31,0.0148,0.0272,0.0311,Florida
12,33,0.0361,0.0329,0.0319,Florida
12,35,0.1237,0.1127,0.0193,Florida
12,37,0.8661,0.7893,0.0676,Florida
12,39,0.0,0.0,0.0,Florida
12,41,0.0,0.0,0.0,Florida
12,43,0.6496,0.592,0.0338,Florida
12,45,0.6496,0.592,0.0338,Florida
12,47,0.0,0.0,0.0,Florida
12,49,0.0,0.0,0.0451,Florida
12,51,0.3713,0.3384,0.0387,Florida
12,53,0.0577,0.0526,0.0361,Florida
12,55,0.0961,0.2631,0.0451,Florida
12,57,0.0728,0.0739,0.0447,Florida
12,59,0.0,0.0,0.0,Florida
12,61,0.1676,0.1527,0.0436,Florida
12,63,0.0,0.0,0.0246,Florida
12,65,0.6496,0.592,0.0338,Florida
12,67,0.0,0.0,0.1353,Florida
12,69,0.0,0.0,0.0242,Florida
12,71,0.0312,0.0426,0.0559,Florida
12,73,0.0382,0.0348,0.0477,Florida
12,75,0.2598,0.2368,0.0135,Florida
12,77,0.0,0.0,0.0,Florida
12,79,0.0,0.0,0.0,Florida
12,81,0.033,0.0301,0.0582,Florida
12,83,0.0824,0.0751,0.0236,Florida
12,85,0.1445,0.1317,0.0827,Florida
12,86,0.06,0.0684,0.0305,Florida
12,87,0.1676,0.2292,0.1047,Florida
12,89,0.1998,0.1821,0.0624,Florida
12,91,0.1208,0.1101,0.0566,Florida
12,93,0.2165,0.1973,0.0226,Florida
12,95,0.0125,0.0114,0.0314,Florida
12,97,0.0,0.0,0.0297,Florida
12,99,0.0691,0.063,0.06,Florida
12,101,0.0195,0.0178,0.0353,Florida
12,103,0.021,0.0192,0.0363,Florida
12,105,0.0169,0.0154,0.0281,Florida
12,107,0.1528,0.1392,0.008,Florida
12,109,0.1268,0.1156,0.0693,Florida
12,111,0.1154,0.1051,0.0271,Florida
12,113,0.1,0.0912,0.0312,Florida
12,115,0.0273,0.0249,0.0612,Florida
12,117,0.0,0.0,0.0598,Florida
12,119,0.2736,0.2494,0.057,Florida
12,121,0.0,0.0,0.0193,Florida
12,123,0.5197,0.4736,0.0541,Florida
12,125,0.0,0.0,0.0,Florida
12,127,0.0229,0.0208,0.0356,Florida
12,129,0.5197,0.4736,0.0541,Florida
12,131,0.2165,0.1973,0.0676,Florida
12,133,0.0,0.0,0.0193,Florida
13,1,0.0,0.0,0.0,Georgia
13,3,0.0,0.0,0.0,Georgia
13,5,0.0,0.0,0.0451,Georgia
13,7,0.0,0.0,0.0676,Georgia
13,9,0.0,0.0,0.0451,Georgia
13,11,0.0,0.0,0.0,Georgia
13,13,0.0,0.0,0.0301,Georgia
13,15,0.0,0.0,0.009,Georgia
13,17,0.0,0.0,0.0271,Georgia
13,19,0.0,0.0,0.0,Georgia
13,21,0.0,0.0,0.0215,Georgia
13,23,0.0,0.0,0.0451,Georgia
13,25,0.0,0.0,0.0,Georgia
13,27,0.0,0.0,0.0,Georgia
13,29,0.3713,0.3384,0.0773,Georgia
13,31,0.0,0.0,0.0113,Georgia
13,33,0.0,0.0,0.0,Georgia
13,35,0.0,0.0,0.0,Georgia
13,37,0.0,0.0,0.0,Georgia
13,39,0.2362,0.2153,0.0369,Georgia
13,43,0.0,0.0,0.0451,Georgia
13,45,0.0,0.0,0.0159,Georgia
13,47,0.0,0.0,0.0369,Georgia
13,49,0.0,0.0,0.0,Georgia
13,51,0.1084,0.0987,0.0545,Georgia
13,53,0.5197,0.4736,0.1082,Georgia
13,55,0.0,0.0,0.0226,Georgia
13,57,0.0,0.0,0.0416,Georgia
13,59,0.0,0.0,0.0316,Georgia
13,61,0.0,0.0,0.0,Georgia
13,63,0.052,0.0474,0.0216,Georgia
13,65,0.0,0.0,0.0676,Georgia
13,67,0.0,0.0,0.0744,Georgia
13,69,0.0,0.0,0.015,Georgia
13,71,0.0,0.0,0.0271,Georgia
13,73,0.0,0.0,0.0879,Georgia
13,75,0.0,0.0,0.0338,Georgia
13,77,0.0,0.0,0.0541,Georgia
13,79,0.0,0.0,0.0902,Georgia
13,81,0.0,0.0,0.0,Georgia
13,83,0.0,0.0,0.0,Georgia
13,85,0.0,0.0,0.0,Georgia
13,87,0.0,0.0,0.0387,Georgia
13,89,0.0359,0.0327,0.0494,Georgia
13,91,0.0,0.0,0.0226,Georgia
13,93,0.0,0.0,0.0,Georgia
13,95,0.0,0.0,0.02,Georgia
13,97,0.0,0.0,0.0406,Georgia
13,99,0.0,0.0,0.0,Georgia
13,101,0.0,0.0,0.1353,Georgia
13,103,0.0,0.0,0.0406,Georgia
13,105,0.0,0.0,0.0271,Georgia
13,107,0.0,0.0,0.0226,Georgia
13,109,0.0,0.0,0.0,Georgia
13,111,0.0,0.0,0.0271,Georgia
13,113,0.0,0.0,0.0676,Georgia
13,115,0.0,0.0,0.0203,Georgia
13,117,0.0,0.0,0.0902,Georgia
13,119,0.0,0.0,0.0541,Georgia
13,121,0.0255,0.0348,0.059,Georgia
13,123,0.0,0.0,0.0271,Georgia
13,125,0.0,0.0,0.0,Georgia
13,127,0.1624,0.148,0.0338,Georgia
13,129,0.0,0.0,0.0451,Georgia
13,131,0.0,0.0,0.0,Georgia
13,133,0.0,0.0,0.0387,Georgia
13,135,0.0,0.0,0.0503,Georgia
13,137,0.0,0.0,0.0,Georgia
13,139,0.0,0.0,0.0376,Georgia
13,141,0.0,0.0,0.0676,Georgia
13,143,0.0,0.0,0.0,Georgia
13,145,0.0,0.0,0.0271,Georgia
13,147,0.0,0.0,0.0,Georgia
13,149,0.0,0.0,0.0451,Georgia
13,151,0.0,0.0,0.0433,Georgia
13,153,0.0,0.0,0.0529,Georgia
13,155,0.0,0.0,0.0676,Georgia
13,157,0.0,0.0,0.0246,Georgia
13,159,0.0,0.0,0.0,Georgia
13,161,0.0,0.0,0.0,Georgia
13,163,0.0,0.0,0.0676,Georgia
13,165,0.0,0.0,0.0,Georgia
13,167,0.0,0.0,0.0,Georgia
13,169,0.0,0.0,0.0676,Georgia
13,171,0.0,0.0,0.0,Georgia
13,173,0.0,0.0,0.0,Georgia
13,175,0.0,0.0,0.0312,Georgia
13,177,0.0,0.0,0.0271,Georgia
13,179,0.1733,0.1579,0.0271,Georgia
13,181,0.0,0.0,0.0676,Georgia
13,183,0.8661,0.7893,0.0451,Georgia
13,185,0.0,0.0,0.0216,Georgia
13,187,0.0,0.0,0.0338,Georgia
13,189,0.0,0.0,0.0,Georgia
13,191,1.0394,0.9472,0.0541,Georgia
13,193,0.0,0.0,0.0,Georgia
13,195,0.0,0.0,0.0,Georgia
13,197,0.0,0.0,0.0,Georgia
13,199,0.0,0.0,0.0,Georgia
13,201,0.0,0.0,0.0451,Georgia
13,205,0.0,0.0,0.0,Georgia
13,207,0.0,0.0,0.0812,Georgia
13,209,0.0,0.0,0.0,Georgia
13,211,0.0,0.0,0.0541,Georgia
13,213,0.0,0.0,0.0,Georgia
13,215,0.0,0.0448,0.0281,Georgia
13,217,0.0,0.0,0.0312,Georgia
13,219,0.0,0.0,0.0226,Georgia
13,221,0.0,0.0,0.0,Georgia
13,223,0.0,0.0,0.0356,Georgia
13,225,0.0,0.0,0.0,Georgia
13,227,0.0,0.0,0.0,Georgia
13,229,0.0,0.0,0.0,Georgia
13,231,0.0,0.0,0.0,Georgia
13,233,0.0,0.0,0.0,Georgia
13,235,0.0,0.0,0.0451,Georgia
13,237,0.0,0.0,0.0812,Georgia
13,239,0.0,0.0,0.0,Georgia
13,241,0.0,0.0,0.0271,Georgia
13,243,0.0,0.0,0.0,Georgia
13,245,0.0,0.0,0.0317,Georgia
13,247,0.0,0.0,0.009,Georgia
13,249,0.0,0.0,0.0,Georgia
13,251,0.0,0.0,0.0271,Georgia
13,253,0.0,0.0,0.0451,Georgia
13,255,0.0,0.0,0.0226,Georgia
13,257,0.0,0.0,0.0271,Georgia
13,259,0.0,0.0,0.0,Georgia
13,261,0.0,0.0,0.0,Georgia
13,263,0.0,0.0,0.0,Georgia
13,265,0.0,0.0,0.0,Georgia
13,267,0.0,0.0,0.0271,Georgia
13,269,0.0,0.0,0.0,Georgia
13,271,0.0,0.0,0.0,Georgia
13,273,0.0,0.0,0.0,Georgia
13,275,0.0,0.0,0.0,Georgia
13,277,0.0,0.0,0.0,Georgia
13,279,0.0,0.0,0.0451,Georgia
13,281,0.0,0.0,0.0,Georgia
13,283,0.0,0.0,0.0,Georgia
13,285,0.0,0.0,0.0097,Georgia
13,287,0.0,0.0,0.0676,Georgia
13,289,0.0,0.0,0.0676,Georgia
13,291,0.0,0.0,0.0902,Georgia
13,293,0.0,0.0,0.0193,Georgia
13,295,0.0,0.0,0.0312,Georgia
13,297,0.0,0.0,0.018,Georgia
13,299,0.0,0.0,0.015,Georgia
13,301,0.0,0.0,0.0,Georgia
13,303,0.0,0.0,0.0,Georgia
13,305,0.0,0.0,0.0226,Georgia
13,307,0.0,0.0,0.0676,Georgia
13,309,0.0,0.0,0.0,Georgia
13,311,0.0,0.0,0.0271,Georgia
13,313,0.0,0.0,0.0301,Georgia
13,315,0.0,0.0,0.0676,Georgia
13,317,0.0,0.0,0.0338,Georgia
13,319,0.0,0.0,0.0,Georgia
13,321,0.0,0.0,0.0,Georgia
15,1,0.8835,0.8051,0.0704,Hawaii
15,3,0.1598,0.1456,0.0688,Hawaii
15,5,1.2992,1.184,0.1353,Hawaii
15,7,0.6114,0.5572,0.0637,Hawaii
15,9,0.2736,0.2494,0.0676,Hawaii
16,1,0.0,0.0,0.0436,Idaho
16,3,0.0,0.0,0.0676,Idaho
16,5,0.0,0.0,0.043,Idaho
16,7,0.0,0.0,0.0,Idaho
16,9,0.0,0.0,0.0676,Idaho
16,11,0.0,0.0,0.0338,Idaho
16,13,0.0,0.0,0.0338,Idaho
16,15,0.0,0.0,0.0,Idaho
16,17,0.0,0.0,0.0301,Idaho
16,19,0.0,0.0,0.0387,Idaho
16,21,0.0,0.0,0.0,Idaho
16,23,0.0,0.0,0.0,Idaho
16,25,0.0,0.0,0.1353,Idaho
16,27,0.0,0.0,0.0327,Idaho
16,29,0.0,0.0,0.0,Idaho
16,31,0.0,0.0,0.0,Idaho
16,33,0.0,0.0,0.0,Idaho
16,35,0.0,0.0,0.0,Idaho
16,37,0.0,0.0,0.0,Idaho
16,39,0.0,0.0,0.0541,Idaho
16,41,0.0,0.0,0.1353,Idaho
16,43,0.0,0.0,0.0451,Idaho
16,45,0.0,0.0,0.0,Idaho
16,47,0.0,0.0,0.0,Idaho
16,49,0.0,0.0,0.0,Idaho
16,51,0.0,0.0,0.0,Idaho
16,53,0.0,0.0,0.0541,Idaho
16,55,0.0,0.0,0.0325,Idaho
16,57,0.0,0.0,0.0966,Idaho
16,59,0.0,0.0,0.0902,Idaho
16,61,0.0,0.7893,0.0451,Idaho
16,63,0.0,0.0,0.0,Idaho
16,65,0.0,0.0,0.0226,Idaho
16,67,0.0,0.0,0.0541,Idaho
16,69,0.0,0.0,0.0541,Idaho
16,71,0.0,0.0,0.0,Idaho
16,73,0.0,0.0,0.0,Idaho
16,75,0.0,0.0,0.0,Idaho
16,77,0.0,0.0,0.0,Idaho
16,79,0.0,0.0,0.0,Idaho
16,81,0.0,0.0,0.1353,Idaho
16,83,0.0,0.0,0.058,Idaho
16,85,0.0,0.0,0.1353,Idaho
16,87,0.0,0.0,0.0,Idaho
17,1,0.0,0.0,0.0301,Illinois
17,3,0.0,0.0,0.0,Illinois
17,5,0.0,0.0,0.0338,Illinois
17,7,0.0,0.0,0.0193,Illinois
17,9,0.0,0.0,0.0,Illinois
17,11,0.0,0.0,0.0271,Illinois
17,13,0.0,0.0,0.0676,Illinois
17,15,0.0,0.0,0.0226,Illinois
17,17,0.0,0.0,0.0,Illinois
17,19,0.0,0.0,0.0378,Illinois
17,21,0.0,0.0,0.0135,Illinois
17,23,0.0,0.0,0.0338,Illinois
17,25,0.0,0.0,0.0338,Illinois
17,27,0.0,0.0,0.0507,Illinois
17,29,0.0,0.0,0.0226,Illinois
17,31,0.0078,0.0197,0.0446,Illinois
17,33,0.0,0.0,0.0451,Illinois
17,35,0.0,0.0,0.0,Illinois
17,37,0.0,0.0,0.0193,Illinois
17,39,0.0,0.0,0.0,Illinois
17,41,0.0,0.0,0.0271,Illinois
17,43,0.0,0.0,0.0633,Illinois
17,45,0.0,0.0,0.0,Illinois
17,47,0.0,0.0,0.0451,Illinois
17,49,0.0,0.0,0.0169,Illinois
17,51,0.0,0.0,0.0,Illinois
17,53,0.0,0.0,0.0271,Illinois
17,55,0.0,0.0,0.0,Illinois
17,57,0.0,0.0,0.0113,Illinois
17,59,0.0,0.0,0.0,Illinois
17,61,0.0,0.0,0.0,Illinois
17,63,0.0,0.0,0.0676,Illinois
17,65,0.0,0.0,0.0,Illinois
17,67,0.0,0.0,0.0193,Illinois
17,69,0.0,0.0,0.0,Illinois
17,71,0.0,0.0,0.0,Illinois
17,73,0.0,0.0,0.0312,Illinois
17,75,0.0,0.0,0.015,Illinois
17,77,0.0,0.0,0.0,Illinois
17,79,0.0,0.0,0.0,Illinois
17,81,0.0,0.0,0.0,Illinois
17,83,0.0,0.0,0.0676,Illinois
17,85,0.0,0.0,0.0676,Illinois
17,87,0.6496,0.592,0.0338,Illinois
17,89,0.0,0.0,0.0462,Illinois
17,91,0.0,0.0,0.014,Illinois
17,93,0.0,0.0,0.0271,Illinois
17,95,0.0,0.0,0.0169,Illinois
17,97,0.0507,0.0616,0.0624,Illinois
17,99,0.0,0.0,0.0387,Illinois
17,101,0.0,0.0,0.0,Illinois
17,103,0.0,0.0,0.015,Illinois
17,105,0.0,0.0,0.0,Illinois
17,107,0.0,0.0,0.0,Illinois
17,109,0.0,0.2368,0.0271,Illinois
17,111,0.0,0.0,0.0468,Illinois
17,113,0.0,0.0,0.0528,Illinois
17,115,0.0,0.0,0.0199,Illinois
17,117,0.0,0.0,0.0,Illinois
17,119,0.0,0.0,0.0399,Illinois
17,121,0.0,0.0,0.0,Illinois
17,123,0.0,0.0,0.0,Illinois
17,125,0.0,0.0,0.0,Illinois
17,127,0.0,0.0,0.0,Illinois
17,129,0.0,0.0,0.0,Illinois
17,131,0.0,0.0,0.0338,Illinois
17,133,0.0,0.0,0.0451,Illinois
17,135,0.0,0.0,0.0169,Illinois
17,137,0.0,0.0,0.0271,Illinois
17,139,0.0,0.0,0.0,Illinois
17,141,0.0,0.0,0.0246,Illinois
17,143,0.0,0.0,0.0254,Illinois
17,145,0.0,0.0,0.0,Illinois
17,147,0.0,0.0,0.0338,Illinois
17,149,0.0,0.0,0.0,Illinois
17,151,0.0,0.0,0.0,Illinois
17,153,0.0,0.0,0.0,Illinois
17,155,0.0,0.0,0.0,Illinois
17,157,0.0,0.0,0.0301,Illinois
17,159,0.0,0.0,0.0,Illinois
17,161,0.0,0.0,0.0203,Illinois
17,163,0.0,0.0,0.0361,Illinois
17,165,0.0,0.0,0.0301,Illinois
17,167,0.0,0.0,0.0357,Illinois
17,169,0.0,0.0,0.0451,Illinois
17,171,0.0,0.0,0.0,Illinois
17,173,0.0,0.0,0.0,Illinois
17,175,0.0,0.0,0.0,Illinois
17,177,0.0,0.0,0.0,Illinois
17,179,0.0,0.0,0.0316,Illinois
17,181,0.0,0.0,0.0271,Illinois
17,183,0.0,0.0,0.0226,Illinois
17,185,0.0,0.0,0.0,Illinois
17,187,0.0,0.0,0.0,Illinois
17,189,0.0,0.0,0.0,Illinois
17,191,0.0,0.0,0.0271,Illinois
17,193,0.0,0.0,0.0,Illinois
17,195,0.0,0.0,0.015,Illinois
17,197,0.0171,0.0156,0.0427,Illinois
17,199,0.0,0.0,0.0,Illinois
17,201,0.0338,0.0308,0.0351,Illinois
17,203,0.0,0.0,0.0451,Illinois
18,1,0.0,0.0,0.0773,Indiana
18,3,0.027,0.0493,0.0437,Indiana
18,5,0.0,0.0,0.018,Indiana
18,7,0.0,0.0,0.0,Indiana
18,9,0.0,0.0,0.0676,Indiana
18,11,0.0,0.0,0.0541,Indiana
18,13,0.0,0.0,0.0338,Indiana
18,15,0.0,0.0,0.0773,Indiana
18,17,0.0,0.0,0.0123,Indiana
18,19,0.0,0.0,0.052,Indiana
18,21,0.0,0.0,0.0226,Indiana
18,23,0.0,0.296,0.0169,Indiana
18,25,0.0,0.0,0.0451,Indiana
18,27,0.0,0.0,0.0193,Indiana
18,29,0.0,0.0,0.0541,Indiana
18,31,0.0,0.0,0.0676,Indiana
18,33,0.0,0.0,0.0301,Indiana
18,35,0.0,0.0789,0.0406,Indiana
18,37,0.0,0.0,0.0387,Indiana
18,39,0.0,0.0,0.0526,Indiana
18,41,0.0,0.0,0.0193,Indiana
18,43,0.0,0.0,0.0474,Indiana
18,45,0.0,0.0,0.0271,Indiana
18,47,0.0,0.0,0.0541,Indiana
18,49,0.0,0.0,0.0451,Indiana
18,51,0.0,0.0,0.0193,Indiana
18,53,0.0,0.0,0.0085,Indiana
18,55,0.0,0.0,0.015,Indiana
18,57,0.0,0.0,0.0902,Indiana
18,59,0.0,0.0,0.0541,Indiana
18,61,0.0,0.0,0.0902,Indiana
18,63,0.0,0.0,0.058,Indiana
18,65,0.0,0.0,0.0312,Indiana
18,67,0.0,0.0,0.0406,Indiana
18,69,0.0,0.0,0.0301,Indiana
18,71,0.0,0.0,0.0271,Indiana
18,73,0.0,0.0,0.0507,Indiana
18,75,0.0,0.0,0.0,Indiana
18,77,0.0,0.0,0.0387,Indiana
18,79,0.0,0.0,0.0451,Indiana
18,81,0.0,0.0,0.0492,Indiana
18,83,0.0,0.0,0.0135,Indiana
18,85,0.0,0.0,0.057,Indiana
18,87,0.0,0.0,0.0338,Indiana
18,89,0.0221,0.04,0.0459,Indiana
18,91,0.0896,0.0817,0.0327,Indiana
18,93,0.0,0.0,0.0135,Indiana
18,95,0.0,0.0639,0.0366,Indiana
18,97,0.0,0.0,0.0344,Indiana
18,99,0.0,0.0,0.0338,Indiana
18,101,0.0,0.0,0.0,Indiana
18,103,0.0,0.0,0.0135,Indiana
18,105,0.0,0.0,0.0742,Indiana
18,107,0.0,0.0,0.015,Indiana
18,109,0.0,0.0,0.052,Indiana
18,111,0.0,0.0,0.0338,Indiana
18,113,0.0,0.0,0.0676,Indiana
18,115,0.0,0.0,0.0676,Indiana
18,117,0.0,0.0,0.0226,Indiana
18,119,0.0,0.0,0.0271,Indiana
18,121,0.0,0.0,0.0338,Indiana
18,123,0.0,0.0,0.0812,Indiana
18,125,0.0,0.0,0.0676,Indiana
18,127,0.2362,0.2153,0.0615,Indiana
18,129,0.0,0.0,0.058,Indiana
18,131,0.0,0.0,0.0,Indiana
18,133,0.0,0.0,0.0387,Indiana
18,135,0.0,0.0,0.0338,Indiana
18,137,0.0,0.0,0.0,Indiana
18,139,0.0,0.0,0.0541,Indiana
18,141,0.0,0.0,0.0433,Indiana
18,143,0.0,0.0,0.0541,Indiana
18,145,0.0,0.0,0.0271,Indiana
18,147,0.0,0.0,0.0541,Indiana
18,149,0.0,0.0,0.058,Indiana
18,151,0.0,0.0,0.0752,Indiana
18,153,0.0,0.0,0.0271,Indiana
18,155,0.0,0.0,0.0451,Indiana
18,157,0.0702,0.1281,0.0475,Indiana
18,159,0.0,0.0,0.0,Indiana
18,161,0.0,0.0,0.0,Indiana
18,163,0.0,0.0483,0.0359,Indiana
18,165,0.0,0.0,0.0271,Indiana
18,167,0.0,0.0,0.0387,Indiana
18,169,0.0,0.0,0.0338,Indiana
18,171,0.0,0.0,0.0676,Indiana
18,173,0.0,0.0,0.0984,Indiana
18,175,0.0,0.0,0.0226,Indiana
18,177,0.0,0.0,0.0239,Indiana
18,179,0.0,0.0,0.058,Indiana
18,181,0.0,0.0,0.0338,Indiana
18,183,0.0,0.0,0.0773,Indiana
19,1,0.0,0.0,0.0,Iowa
19,3,0.0,0.0,0.0,Iowa
19,5,0.0,0.0,0.0,Iowa
19,7,0.0,0.0,0.0541,Iowa
19,9,0.0,0.0,0.0,Iowa
19,11,0.0,0.0,0.0387,Iowa
19,13,0.0,0.0,0.0285,Iowa
19,15,0.0,0.0,0.0387,Iowa
19,17,0.0,0.0,0.0338,Iowa
19,19,0.0,0.0,0.0451,Iowa
19,21,0.0,0.0,0.0226,Iowa
19,23,0.0,0.0,0.0271,Iowa
19,25,0.0,0.0,0.0,Iowa
19,27,0.0,0.0,0.0226,Iowa
19,29,0.0,0.0,0.0,Iowa
19,31,0.0,0.0,0.0,Iowa
19,33,0.0,0.0,0.0492,Iowa
19,35,0.0,0.0,0.0,Iowa
19,37,0.0,0.0,0.0338,Iowa
19,39,0.0,0.0,0.0451,Iowa
19,41,0.0,0.0,0.0,Iowa
19,43,0.0,0.0,0.0,Iowa
19,45,0.0,0.0,0.0226,Iowa
19,47,0.0,0.0,0.0,Iowa
19,49,0.0,0.0,0.0631,Iowa
19,51,0.0,0.0,0.0,Iowa
19,53,0.0,0.0,0.0,Iowa
19,55,0.0,0.0,0.0676,Iowa
19,57,0.0,0.0,0.0123,Iowa
19,59,0.0,0.0,0.0,Iowa
19,61,0.0,0.0,0.0416,Iowa
19,63,0.0,0.0,0.0,Iowa
19,65,0.0,0.0,0.0193,Iowa
19,67,0.0,0.0,0.0271,Iowa
19,69,0.0,0.0,0.0,Iowa
19,71,0.0,0.0,0.0451,Iowa
19,73,0.0,0.0,0.0338,Iowa
19,75,0.0,0.0,0.0,Iowa
19,77,0.0,0.0,0.0,Iowa
19,79,0.0,0.0,0.0812,Iowa
19,81,0.0,0.0,0.0676,Iowa
19,83,0.0,0.0,0.0,Iowa
19,85,0.0,0.0,0.0,Iowa
19,87,0.0,0.0,0.0541,Iowa
19,89,0.0,0.0,0.0,Iowa
19,91,0.0,0.0,0.0,Iowa
19,93,0.0,0.0,0.0,Iowa
19,95,0.0,0.0,0.0,Iowa
19,97,0.0,0.0,0.0,Iowa
19,99,0.0,0.0,0.0301,Iowa
19,101,0.0,0.0,0.0338,Iowa
19,103,0.0,0.0,0.0451,Iowa
19,105,0.0,0.0,0.0541,Iowa
19,107,0.0,0.0,0.0,Iowa
19,109,0.0,0.0,0.0226,Iowa
19,111,0.0,0.0,0.0123,Iowa
19,113,0.0,0.0,0.015,Iowa
19,115,0.0,0.0,0.0451,Iowa
19,117,0.0,0.0,0.0,Iowa
19,119,0.0,0.0,0.0,Iowa
19,121,0.0,0.0,0.0,Iowa
19,123,0.0,0.0,0.0193,Iowa
19,125,0.0,0.0,0.0169,Iowa
19,127,0.0,0.0,0.0541,Iowa
19,129,0.0,0.0,0.0,Iowa
19,131,0.0,0.0,0.0,Iowa
19,133,0.0,0.0,0.0,Iowa
19,135,0.0,0.0,0.0451,Iowa
19,137,0.0,0.0,0.0338,Iowa
19,139,0.0,0.0,0.0406,Iowa
19,141,0.0,0.0,0.0,Iowa
19,143,0.0,0.0,0.0676,Iowa
19,145,0.0,0.0,0.0226,Iowa
19,147,0.0,0.0,0.0,Iowa
19,149,0.0,0.0,0.0902,Iowa
19,151,0.0,0.0,0.0451,Iowa
19,153,0.0265,0.0242,0.0345,Iowa
19,155,0.0,0.0,0.0361,Iowa
19,157,0.0,0.0,0.0541,Iowa
19,159,0.0,0.0,0.0,Iowa
19,161,0.0,0.0,0.0338,Iowa
19,163,0.0,0.0,0.0489,Iowa
19,165,0.0,0.0,0.0676,Iowa
19,167,0.0,0.0,0.0773,Iowa
19,169,0.0,0.1184,0.0406,Iowa
19,171,0.0,0.0,0.0451,Iowa
19,173,0.0,0.0,0.0,Iowa
19,175,0.0,0.0,0.0338,Iowa
19,177,0.0,0.0,0.0,Iowa
19,179,0.0,0.0,0.0246,Iowa
19,181,0.0,0.0,0.0338,Iowa
19,183,0.0,0.0,0.0,Iowa
19,185,0.0,0.0,0.0,Iowa
19,187,0.0,0.0,0.0451,Iowa
19,189,0.0,0.0,0.0,Iowa
19,191,0.0,0.0,0.0,Iowa
19,193,0.1,0.0912,0.0364,Iowa
19,195,0.0,0.0,0.0,Iowa
19,197,0.0,0.0,0.0271,Iowa
20,1,0.0,0.0,0.0541,Kansas
20,3,0.0,0.0,0.0,Kansas
20,5,0.0,0.0,0.1015,Kansas
20,7,0.0,0.0,0.0676,Kansas
20,9,0.0,0.0,0.0338,Kansas
20,11,0.0,0.0,0.0541,Kansas
20,13,0.0,0.0,0.0,Kansas
20,15,0.0,0.0,0.052,Kansas
20,17,0.0,0.0,0.0,Kansas
20,19,0.0,0.0,0.0,Kansas
20,21,0.0,0.0,0.0,Kansas
20,23,0.0,0.0,0.0,Kansas
20,25,0.0,0.0,0.0,Kansas
20,27,0.0,0.0,0.0,Kansas
20,29,0.0,0.0,0.0,Kansas
20,31,0.0,0.0,0.0,Kansas
20,33,0.0,0.0,0.1353,Kansas
20,35,0.0,0.0,0.0246,Kansas
20,37,0.0,0.0,0.0,Kansas
20,39,0.0,0.0,0.0676,Kansas
20,41,0.0,0.0,0.0451,Kansas
20,43,0.0,0.0,0.0451,Kansas
20,45,0.0,0.0,0.0861,Kansas
20,47,0.0,0.0,0.0,Kansas
20,49,0.0,0.0,0.0,Kansas
20,51,0.0,0.0,0.0451,Kansas
20,53,0.0,0.0,0.0,Kansas
20,55,0.0,0.0,0.1015,Kansas
20,57,0.0,0.0,0.0193,Kansas
20,59,0.0,0.0,0.0812,Kansas
20,61,0.0,0.0,0.0676,Kansas
20,63,0.0,0.0,0.1353,Kansas
20,65,0.0,0.0,0.0,Kansas
20,67,0.0,0.0,0.1353,Kansas
20,69,0.0,0.0,0.0676,Kansas
20,71,0.0,0.0,0.0,Kansas
20,73,0.0,0.0,0.0451,Kansas
20,75,0.0,0.0,0.0,Kansas
20,77,0.0,0.0,0.0,Kansas
20,79,0.0,0.0,0.0226,Kansas
20,81,0.0,0.0,0.0,Kansas
20,83,0.0,0.0,0.0,Kansas
20,85,0.0,0.0,0.0,Kansas
20,87,0.0,0.0,0.0676,Kansas
20,89,0.0,0.0,0.0,Kansas
20,91,0.04,0.0547,0.0895,Kansas
20,93,0.0,0.0,0.0,Kansas
20,95,0.0,0.0,0.0,Kansas
20,97,0.0,0.0,0.0,Kansas
20,99,0.0,0.0,0.0169,Kansas
20,101,0.0,0.0,0.1353,Kansas
20,103,0.0,0.0,0.0676,Kansas
20,105,0.0,0.0,0.0,Kansas
20,107,0.0,0.0,0.0676,Kansas
20,109,0.0,0.0,0.1353,Kansas
20,111,0.0,0.0,0.0169,Kansas
20,113,0.0,0.0,0.0387,Kansas
20,115,0.0,0.0,0.0338,Kansas
20,117,0.0,0.0,0.0,Kansas
20,119,0.0,0.0,0.0676,Kansas
20,121,0.0,0.0,0.0676,Kansas
20,123,0.0,0.0,0.0676,Kansas
20,125,0.0,0.0,0.0208,Kansas
20,127,0.0,0.0,0.0676,Kansas
20,129,0.0,0.0,0.0,Kansas
20,131,0.0,0.0,0.0451,Kansas
20,133,0.0,0.0,0.0271,Kansas
20,135,0.0,0.0,0.1353,Kansas
20,137,0.0,0.0,0.0,Kansas
20,139,0.0,0.0,0.0,Kansas
20,141,0.0,0.0,0.0,Kansas
20,143,0.0,0.0,0.0676,Kansas
20,145,0.0,0.0,0.0676,Kansas
20,147,0.0,0.0,0.0451,Kansas
20,149,0.0,0.0,0.0338,Kansas
20,151,0.0,0.0,0.0451,Kansas
20,153,0.0,0.0,0.0,Kansas
20,155,0.0,0.0,0.0318,Kansas
20,157,0.0,0.0,0.0451,Kansas
20,159,0.0,0.0,0.0,Kansas
20,161,0.1855,0.1691,0.0676,Kansas
20,163,0.0,0.0,0.0,Kansas
20,165,0.0,0.0,0.0,Kansas
20,167,0.0,0.0,0.0,Kansas
20,169,0.0,0.0,0.0338,Kansas
20,171,0.0,0.0,0.0,Kansas
20,173,0.0,0.0,0.0589,Kansas
20,175,0.0,0.0,0.0541,Kansas
20,177,0.0,0.0,0.0503,Kansas
20,179,0.0,0.0,0.1353,Kansas
20,181,0.0,0.0,0.0676,Kansas
20,183,0.0,0.0,0.0676,Kansas
20,185,0.0,0.0,0.0676,Kansas
20,187,0.0,0.0,0.0,Kansas
20,189,0.0,0.0,0.0676,Kansas
20,191,0.0,0.0,0.0226,Kansas
20,193,0.0,0.0,0.0,Kansas
20,195,0.0,0.0,0.1353,Kansas
20,197,0.0,0.0,0.0,Kansas
20,199,0.0,0.0,0.1353,Kansas
20,201,0.0,0.0,0.0,Kansas
20,203,0.0,0.0,0.1353,Kansas
20,205,0.0,0.0,0.0338,Kansas
20,207,0.0,0.0,0.0,Kansas
20,209,0.2598,0.2368,0.058,Kansas
21,1,0.0,0.0,0.0193,Kentucky
21,3,0.0,0.0,0.0451,Kentucky
21,5,0.0,0.0,0.1082,Kentucky
21,7,0.0,0.0,0.0451,Kentucky
21,9,0.0,0.0,0.0135,Kentucky
21,11,0.0,0.0,0.0,Kentucky
21,13,0.0,0.0,0.0,Kentucky
21,15,0.1182,0.1077,0.0799,Kentucky
21,17,0.0,0.0,0.0226,Kentucky
21,19,0.0,0.0,0.0312,Kentucky
21,21,0.0,0.0,0.0,Kentucky
21,23,0.0,0.0,0.0451,Kentucky
21,25,0.0,0.0,0.0,Kentucky
21,27,0.0,0.0,0.0,Kentucky
21,29,0.1445,0.1317,0.0601,Kentucky
21,31,0.0,0.0,0.0,Kentucky
21,33,0.0,0.0,0.0451,Kentucky
21,35,0.0,0.2631,0.0451,Kentucky
21,37,0.0,0.0,0.0595,Kentucky
21,39,0.0,0.0,0.0451,Kentucky
21,41,0.0,0.0,0.0,Kentucky
21,43,0.0,0.0,0.0387,Kentucky
21,45,0.0,0.0,0.0271,Kentucky
21,47,0.2736,0.2494,0.0498,Kentucky
21,49,0.0,0.0,0.0271,Kentucky
21,51,0.0,0.0,0.0,Kentucky
21,53,0.0,0.0,0.0,Kentucky
21,55,0.0,0.0,0.0338,Kentucky
21,57,0.0,0.0,0.0,Kentucky
21,59,0.0,0.0,0.0471,Kentucky
21,61,0.6496,0.592,0.0676,Kentucky
21,63,0.0,0.0,0.0,Kentucky
21,65,0.0,0.0,0.0,Kentucky
21,67,0.0,0.0289,0.0594,Kentucky
21,69,0.0,0.0,0.0676,Kentucky
21,71,0.0,0.0,0.0,Kentucky
21,73,0.0,0.0,0.0369,Kentucky
21,75,0.0,0.0,0.0,Kentucky
21,77,0.0,0.0,0.0676,Kentucky
21,79,0.0,0.0,0.0,Kentucky
21,81,0.0,0.0,0.0338,Kentucky
21,83,0.0,0.0,0.0752,Kentucky
21,85,0.0,0.0,0.0,Kentucky
21,87,0.0,0.0,0.0338,Kentucky
21,89,0.0,0.0,0.015,Kentucky
21,91,0.0,0.0,0.0451,Kentucky
21,93,0.1182,0.1077,0.0492,Kentucky
21,95,0.0,0.0,0.0246,Kentucky
21,97,0.0,0.0,0.0541,Kentucky
21,99,0.0,0.0,0.0271,Kentucky
21,101,0.0,0.0,0.0123,Kentucky
21,103,0.0,0.0,0.0541,Kentucky
21,105,0.0,0.0,0.0,Kentucky
21,107,0.0,0.0,0.0338,Kentucky
21,109,0.0,0.0,0.0,Kentucky
21,111,0.0135,0.0123,0.0531,Kentucky
21,113,0.0,0.0,0.0451,Kentucky
21,115,0.0,0.0,0.0,Kentucky
21,117,0.0,0.0,0.0396,Kentucky
21,119,0.0,0.0,0.0,Kentucky
21,121,0.0,0.0,0.0,Kentucky
21,123,0.0,0.0,0.0676,Kentucky
21,125,0.0,0.0,0.0208,Kentucky
21,127,0.0,0.0,0.0271,Kentucky
21,129,0.0,0.0,0.0,Kentucky
21,131,0.0,0.0,0.0,Kentucky
21,133,0.0,0.0,0.0193,Kentucky
21,135,0.0,0.0,0.0338,Kentucky
21,137,0.0,0.0,0.0,Kentucky
21,139,0.0,0.0,0.0676,Kentucky
21,141,0.0,0.0,0.0,Kentucky
21,143,0.8661,0.7893,0.0451,Kentucky
21,145,0.0,0.0,0.0239,Kentucky
21,147,0.0,0.0,0.0,Kentucky
21,149,0.0,0.0,0.0,Kentucky
21,151,0.0,0.0,0.0427,Kentucky
21,153,0.0,0.0,0.0,Kentucky
21,155,0.0,0.0,0.0451,Kentucky
21,157,0.0,0.0,0.0451,Kentucky
21,159,0.0,0.0,0.0451,Kentucky
21,161,0.0,0.0,0.0,Kentucky
21,163,0.3248,0.296,0.0676,Kentucky
21,165,0.0,0.0,0.0676,Kentucky
21,167,0.0,0.0,0.0271,Kentucky
21,169,0.0,0.0,0.0902,Kentucky
21,171,0.0,0.0,0.0338,Kentucky
21,173,0.0,0.0,0.0,Kentucky
21,175,0.0,0.0,0.0,Kentucky
21,177,0.0,0.0,0.0601,Kentucky
21,179,0.0,0.0,0.0,Kentucky
21,181,0.0,0.0,0.0,Kentucky
21,183,0.0,0.0,0.058,Kentucky
21,185,0.0,0.0,0.087,Kentucky
21,187,0.0,0.0,0.0,Kentucky
21,189,0.0,0.0,0.0,Kentucky
21,191,0.0,0.0,0.0902,Kentucky
21,193,0.0,0.0,0.0,Kentucky
21,195,0.0,0.0,0.0285,Kentucky
21,197,0.0,0.0,0.0,Kentucky
21,199,0.0,0.0,0.0193,Kentucky
21,201,0.0,0.0,0.0,Kentucky
21,203,0.0,0.0,0.0,Kentucky
21,205,0.0,0.0,0.0,Kentucky
21,207,0.0,0.0,0.0,Kentucky
21,209,0.0,0.0,0.0483,Kentucky
21,211,0.0,0.0,0.0601,Kentucky
21,213,0.0,0.0,0.0676,Kentucky
21,215,0.0,0.0,0.0338,Kentucky
21,217,0.0,0.0,0.0271,Kentucky
21,219,0.0,0.0,0.0676,Kentucky
21,221,1.0394,0.9472,0.0812,Kentucky
21,223,0.0,0.0,0.0,Kentucky
21,225,0.0,0.0,0.0,Kentucky
21,227,0.0,0.0,0.0564,Kentucky
21,229,0.0,0.0,0.0,Kentucky
21,231,0.0,0.0,0.0,Kentucky
21,233,0.0,0.0,0.0,Kentucky
21,235,0.0,0.0,0.0169,Kentucky
21,237,0.0,0.0,0.0,Kentucky
21,239,0.0,0.0,0.0338,Kentucky
22,1,0.0,0.0,0.0113,Louisiana
22,3,0.0,0.0,0.0541,Louisiana
22,5,0.0,0.0,0.058,Louisiana
22,7,0.0,0.0,0.0226,Louisiana
22,9,0.0,0.0,0.0301,Louisiana
22,11,0.0,0.0,0.0193,Louisiana
22,13,0.0,0.0,0.0,Louisiana
22,15,0.0,0.0,0.0308,Louisiana
22,17,0.0405,0.0369,0.0359,Louisiana
22,19,0.1182,0.1077,0.0523,Louisiana
22,21,0.0,0.0,0.0451,Louisiana
22,23,0.8661,0.7893,0.0902,Louisiana
22,25,0.0,0.0,0.0,Louisiana
22,27,0.0,0.0,0.0,Louisiana
22,29,0.0,0.0,0.0271,Louisiana
22,31,0.0,0.0,0.0387,Louisiana
22,33,0.0283,0.0514,0.0338,Louisiana
22,35,0.0,0.0,0.0,Louisiana
22,37,0.0,0.0,0.1082,Louisiana
22,39,0.0,0.0,0.0,Louisiana
22,41,0.0,0.0,0.0226,Louisiana
22,43,0.0,0.0,0.0541,Louisiana
22,45,0.1624,0.148,0.0423,Louisiana
22,47,0.0,0.0,0.0193,Louisiana
22,49,0.0,0.0,0.0,Louisiana
22,51,0.0613,0.0746,0.0501,Louisiana
22,53,0.0,0.0,0.0387,Louisiana
22,55,0.0605,0.0552,0.0535,Louisiana
22,57,0.1084,0.0987,0.062,Louisiana
22,59,0.0,0.0,0.0451,Louisiana
22,61,0.0,0.0,0.0135,Louisiana
22,63,0.0,0.0,0.0637,Louisiana
22,65,0.0,0.0,0.0271,Louisiana
22,67,0.0,0.0,0.0338,Louisiana
22,69,0.0,0.0,0.015,Louisiana
22,71,0.0733,0.107,0.0482,Louisiana
22,73,0.065,0.0592,0.044,Louisiana
22,75,0.2887,0.2631,0.0301,Louisiana
22,77,0.0,0.0,0.0,Louisiana
22,79,0.0787,0.0718,0.0205,Louisiana
22,81,0.0,0.0,0.0676,Louisiana
22,83,0.0,0.0,0.0451,Louisiana
22,85,0.0,0.0,0.0,Louisiana
22,87,0.1445,0.2631,0.0376,Louisiana
22,89,0.0,0.0,0.0312,Louisiana
22,91,0.0,0.0,0.0,Louisiana
22,93,0.0,0.0,0.0193,Louisiana
22,95,0.0,0.0,0.0615,Louisiana
22,97,0.0,0.0,0.0285,Louisiana
22,99,0.0,0.0,0.0615,Louisiana
22,101,0.1528,0.1392,0.0398,Louisiana
22,103,0.0605,0.0552,0.0535,Louisiana
22,105,0.0,0.0,0.0203,Louisiana
22,107,0.0,0.0,0.0451,Louisiana
22,109,0.1182,0.1077,0.043,Louisiana
22,111,0.0,0.0,0.0226,Louisiana
22,113,0.1998,0.1821,0.0416,Louisiana
22,115,0.2165,0.1973,0.0451,Louisiana
22,117,0.0,0.0,0.0123,Louisiana
22,119,0.0,0.0,0.0123,Louisiana
22,121,0.0,0.0,0.0271,Louisiana
22,123,0.0,0.0,0.0451,Louisiana
22,125,0.0,0.0,0.0,Louisiana
22,127,0.0,0.0,0.0,Louisiana
23,1,0.0,0.0,0.0193,Maine
23,3,0.0,0.0,0.0113,Maine
23,5,0.0387,0.0353,0.0525,Maine
23,7,0.0,0.0,0.0,Maine
23,9,0.1445,0.1317,0.0226,Maine
23,11,0.0,0.0,0.0044,Maine
23,13,0.2362,0.2153,0.0369,Maine
23,15,0.2598,0.2368,0.0406,Maine
23,17,0.0,0.0,0.008,Maine
23,19,0.0,0.0,0.0059,Maine
23,21,0.0,0.0,0.0,Maine
23,23,0.2887,0.2631,0.0451,Maine
23,25,0.0,0.0,0.0,Maine
23,27,0.0,0.0,0.0,Maine
23,29,0.1855,0.1691,0.0097,Maine
23,31,0.0634,0.0578,0.0396,Maine
24,1,0.0,0.0,0.0118,Maryland
24,3,0.0743,0.0677,0.0747,Maryland
24,5,0.0364,0.0443,0.0658,Maryland
24,9,0.1367,0.1246,0.0783,Maryland
24,11,0.0,0.0,0.015,Maryland
24,13,0.0,0.0,0.0641,Maryland
24,15,0.0,0.0,0.0285,Maryland
24,17,0.0839,0.0765,0.0655,Maryland
24,19,0.2598,0.2368,0.0271,Maryland
24,21,0.0,0.0,0.0688,Maryland
24,23,0.0,0.0,0.0193,Maryland
24,25,0.0,0.0,0.0617,Maryland
24,27,0.0,0.0,0.0861,Maryland
24,29,0.4332,0.3947,0.0226,Maryland
24,31,0.0,0.0,0.0749,Maryland
24,33,0.0,0.0,0.0521,Maryland
24,35,0.5568,0.5075,0.0773,Maryland
24,37,0.1445,0.1317,0.0827,Maryland
24,39,0.3248,0.296,0.0338,Maryland
24,41,0.2362,0.2153,0.0369,Maryland
24,43,0.0811,0.0739,0.0254,Maryland
24,45,0.0,0.0,0.0071,Maryland
24,47,0.3056,0.2785,0.0398,Maryland
24,510,0.026,0.0355,0.0345,Maryland
25,1,0.0455,0.0414,0.0522,Massachusetts
25,3,0.0,0.0,0.0312,Massachusetts
25,5,0.0205,0.0187,0.0376,Massachusetts
25,7,0.5197,0.4736,0.0812,Massachusetts
25,9,0.0159,0.0144,0.0456,Massachusetts
25,11,0.0,0.0,0.015,Massachusetts
25,13,0.0,0.023,0.0302,Massachusetts
25,15,0.0722,0.1973,0.0489,Massachusetts
25,17,0.0081,0.0073,0.0706,Massachusetts
25,19,0.4332,0.3947,0.1127,Massachusetts
25,21,0.0,0.0,0.0812,Massachusetts
25,23,0.0257,0.0469,0.0549,Massachusetts
25,25,0.1401,0.1392,0.0537,Massachusetts
25,27,0.0301,0.0275,0.0488,Massachusetts
26,1,0.4332,0.3947,0.0226,Michigan
26,3,0.6496,0.592,0.0338,Michigan
26,5,0.1039,0.0947,0.0595,Michigan
26,7,0.2598,0.2368,0.0135,Michigan
26,9,0.3248,0.296,0.0169,Michigan
26,11,0.7424,0.6765,0.0387,Michigan
26,13,0.8661,0.7893,0.0451,Michigan
26,15,0.0,0.0,0.0246,Michigan
26,17,0.0961,0.0876,0.02,Michigan
26,19,0.4332,0.3947,0.0226,Michigan
26,21,0.053,0.0483,0.0276,Michigan
26,23,0.0,0.0,0.0113,Michigan
26,25,0.0,0.0,0.0208,Michigan
26,27,0.0,0.0,0.0246,Michigan
26,29,0.1855,0.1691,0.058,Michigan
26,31,0.2887,0.2631,0.0451,Michigan
26,33,0.812,0.74,0.0507,Michigan
26,35,0.0,0.0,0.0,Michigan
26,37,0.0,0.0,0.043,Michigan
26,39,0.0,0.0,0.0,Michigan
26,41,0.3996,0.3642,0.0312,Michigan
26,43,0.0,0.0,0.0387,Michigan
26,45,0.0,0.0,0.0338,Michigan
26,47,0.2887,0.2631,0.0301,Michigan
26,49,0.0197,0.018,0.0238,Michigan
26,51,0.0,0.0,0.0,Michigan
26,53,0.3248,0.296,0.0169,Michigan
26,55,0.1528,0.1392,0.0398,Michigan
26,57,0.2598,0.2368,0.0135,Michigan
26,59,0.0,0.0,0.0113,Michigan
26,61,0.4332,0.3947,0.0226,Michigan
26,63,0.1998,0.1821,0.0208,Michigan
26,65,0.2567,0.2631,0.0434,Michigan
26,67,0.1998,0.1821,0.0312,Michigan
26,69,0.2598,0.2368,0.0135,Michigan
26,71,0.0,0.0,0.0271,Michigan
26,73,0.0,0.0,0.009,Michigan
26,75,0.0683,0.0623,0.0142,Michigan
26,77,0.0,0.0,0.0356,Michigan
26,79,0.0,0.0,0.0,Michigan
26,81,0.0,0.0,0.037,Michigan
26,83,1.7324,1.5788,0.0902,Michigan
26,85,0.0,0.0,0.0,Michigan
26,87,0.1084,0.0987,0.0282,Michigan
26,89,0.3713,0.3384,0.058,Michigan
26,91,0.0,0.0,0.0118,Michigan
26,93,0.0,0.0,0.0643,Michigan
26,95,1.2992,1.184,0.0676,Michigan
26,97,0.4332,0.3947,0.0226,Michigan
26,99,0.0598,0.0545,0.0443,Michigan
26,101,0.2598,0.2368,0.0135,Michigan
26,103,0.1039,0.0947,0.0325,Michigan
26,105,0.2887,0.2631,0.015,Michigan
26,107,0.2362,0.2153,0.0123,Michigan
26,109,0.3248,0.296,0.0169,Michigan
26,111,0.0,0.0,0.0214,Michigan
26,113,0.0,0.0,0.0,Michigan
26,115,0.0665,0.0606,0.0312,Michigan
26,117,0.0,0.0,0.0104,Michigan
26,119,0.0,0.0,0.0,Michigan
26,121,0.0605,0.0552,0.0189,Michigan
26,123,0.0,0.0,0.0,Michigan
26,125,0.0078,0.0071,0.0696,Michigan
26,127,0.3248,0.296,0.0169,Michigan
26,129,0.0,0.0,0.0,Michigan
26,131,0.6496,0.592,0.0338,Michigan
26,133,0.0,0.0,0.0,Michigan
26,135,0.0,0.0,0.0,Michigan
26,137,0.0,0.0,0.0,Michigan
26,139,0.0481,0.0438,0.0651,Michigan
26,141,0.3713,0.3384,0.0387,Michigan
26,143,0.0,0.0,0.0271,Michigan
26,145,0.0,0.0,0.0217,Michigan
26,147,0.052,0.0474,0.0271,Michigan
26,149,0.0,0.0,0.008,Michigan
26,151,0.1998,0.1821,0.0208,Michigan
26,153,0.6496,0.592,0.0338,Michigan
26,155,0.0,0.0,0.008,Michigan
26,157,0.1855,0.1691,0.0097,Michigan
26,159,0.1624,0.148,0.0254,Michigan
26,161,0.026,0.0947,0.0649,Michigan
26,163,0.034,0.0774,0.0299,Michigan
26,165,0.0,0.0,0.0,Michigan
27,1,0.0,0.0,0.0,Minnesota
27,3,0.0,0.0,0.0619,Minnesota
27,5,0.0,0.0,0.0406,Minnesota
27,7,0.0,0.0,0.0135,Minnesota
27,9,0.0,0.0,0.0301,Minnesota
27,11,0.0,0.0,0.0,Minnesota
27,13,0.0,0.0,0.0,Minnesota
27,15,0.0,0.0,0.0338,Minnesota
27,17,0.0,0.0,0.0,Minnesota
27,19,0.0,0.0,0.0854,Minnesota
27,21,0.0,0.0,0.0135,Minnesota
27,23,0.0,0.0,0.0676,Minnesota
27,25,0.0,0.0,0.0271,Minnesota
27,27,0.0,0.0,0.0416,Minnesota
27,29,0.0,0.0,0.0,Minnesota
27,31,0.8661,0.7893,0.0902,Minnesota
27,33,0.0,0.0,0.0338,Minnesota
27,35,0.0,0.0,0.0254,Minnesota
27,37,0.0,0.0,0.0598,Minnesota
27,39,0.0,0.0,0.0,Minnesota
27,41,0.0,0.0,0.015,Minnesota
27,43,0.0,0.0,0.0451,Minnesota
27,45,0.0,0.0,0.0226,Minnesota
27,47,0.0,0.0,0.0406,Minnesota
27,49,0.0,0.0,0.0271,Minnesota
27,51,0.0,0.0,0.0,Minnesota
27,53,0.0,0.0,0.057,Minnesota
27,55,0.0,0.0,0.0812,Minnesota
27,57,0.0,0.0,0.0,Minnesota
27,59,0.0,0.0,0.0,Minnesota
27,61,0.0,0.0,0.0246,Minnesota
27,63,0.0,0.0,0.0,Minnesota
27,65,0.0,0.0,0.0,Minnesota
27,67,0.0,0.0,0.0226,Minnesota
27,69,0.0,0.0,0.0,Minnesota
27,71,0.0,0.0,0.0,Minnesota
27,73,0.0,0.0,0.0,Minnesota
27,75,0.6496,0.592,0.0676,Minnesota
27,77,0.0,0.0,0.0,Minnesota
27,79,0.0,0.0,0.0,Minnesota
27,81,0.0,0.0,0.0,Minnesota
27,83,0.0,0.0,0.0,Minnesota
27,85,0.0,0.0,0.0387,Minnesota
27,87,0.0,0.0,0.0,Minnesota
27,89,0.0,0.0,0.0338,Minnesota
27,91,0.0,0.0,0.0,Minnesota
27,93,0.0,0.0,0.0,Minnesota
27,95,0.0,0.0,0.0,Minnesota
27,97,0.0,0.0,0.0,Minnesota
27,99,0.0,0.0,0.0123,Minnesota
27,101,0.0,0.0,0.0451,Minnesota
27,103,0.0,0.0,0.0193,Minnesota
27,105,0.0,0.0,0.0,Minnesota
27,107,0.0,0.0,0.0451,Minnesota
27,109,0.0,0.0,0.0574,Minnesota
27,111,0.0,0.0,0.0239,Minnesota
27,113,0.0,0.0,0.0271,Minnesota
27,115,0.0,0.0,0.0,Minnesota
27,117,0.0,0.0,0.0541,Minnesota
27,119,0.0,0.0,0.0271,Minnesota
27,121,0.0,0.0,0.0,Minnesota
27,123,0.0379,0.0346,0.0474,Minnesota
27,125,0.0,0.0,0.0,Minnesota
27,127,0.0,0.0,0.0,Minnesota
27,129,0.0,0.0,0.0226,Minnesota
27,131,0.0,0.0,0.0312,Minnesota
27,133,0.0,0.0,0.0,Minnesota
27,135,0.0,0.0,0.0271,Minnesota
27,137,0.0387,0.0353,0.0343,Minnesota
27,139,0.0,0.0,0.058,Minnesota
27,141,0.0,0.0,0.0738,Minnesota
27,143,0.0,0.0,0.0676,Minnesota
27,145,0.0,0.0,0.0327,Minnesota
27,147,0.0,0.0,0.0,Minnesota
27,149,0.0,0.0,0.0,Minnesota
27,151,0.0,0.0,0.0,Minnesota
27,153,0.0,0.0,0.0169,Minnesota
27,155,0.0,0.0,0.0,Minnesota
27,157,0.0,0.0,0.0226,Minnesota
27,159,0.0,0.0,0.0,Minnesota
27,161,0.0,0.0,0.0541,Minnesota
27,163,0.1039,0.0947,0.0812,Minnesota
27,165,0.0,0.0,0.0,Minnesota
27,167,0.0,0.0,0.0,Minnesota
27,169,0.0,0.0,0.0,Minnesota
27,171,0.0,0.0,0.0318,Minnesota
27,173,0.0,0.0,0.0338,Minnesota
28,1,0.0,0.0,0.0601,Mississippi
28,3,0.0,0.0,0.0193,Mississippi
28,5,0.0,0.0,0.0451,Mississippi
28,7,0.0,0.0,0.0,Mississippi
28,9,0.0,0.0,0.0,Mississippi
28,11,0.0,0.0,0.0169,Mississippi
28,13,0.0,0.0,0.0,Mississippi
28,15,0.0,0.0,0.0,Mississippi
28,17,0.0,0.0,0.0338,Mississippi
28,19,0.0,0.0,0.0,Mississippi
28,21,0.0,0.0,0.0,Mississippi
28,23,0.0,0.0,0.0,Mississippi
28,25,0.0,0.0,0.0,Mississippi
28,27,0.0,0.0,0.0193,Mississippi
28,29,0.0,0.0,0.0,Mississippi
28,31,0.0,0.0,0.0338,Mississippi
28,33,0.0,0.0,0.0451,Mississippi
28,35,0.0,0.0,0.0159,Mississippi
28,37,0.0,0.0,0.0,Mississippi
28,39,0.0,0.0,0.0541,Mississippi
28,41,0.0,0.0,0.0676,Mississippi
28,43,0.0,0.0,0.0541,Mississippi
28,45,0.3248,0.296,0.0338,Mississippi
28,47,0.113,0.103,0.0323,Mississippi
28,49,0.0,0.0,0.0338,Mississippi
28,51,0.0,0.0,0.0,Mississippi
28,53,0.0,0.0,0.0,Mississippi
28,55,0.0,0.0,0.0,Mississippi
28,57,0.0,0.0,0.0541,Mississippi
28,59,0.0896,0.0817,0.0466,Mississippi
28,61,0.0,0.0,0.0,Mississippi
28,63,0.0,0.0,0.0,Mississippi
28,65,0.0,0.0,0.0,Mississippi
28,67,0.1855,0.1691,0.0193,Mississippi
28,69,0.0,0.0,0.0676,Mississippi
28,71,0.0,0.0,0.0676,Mississippi
28,73,0.0,0.0,0.0846,Mississippi
28,75,0.0,0.0,0.0285,Mississippi
28,77,0.0,0.0,0.0451,Mississippi
28,79,0.0,0.0,0.0271,Mississippi
28,81,0.1367,0.1246,0.0641,Mississippi
28,83,0.0,0.0,0.0169,Mississippi
28,85,0.0,0.0,0.0676,Mississippi
28,87,0.0,0.0,0.029,Mississippi
28,89,0.0,0.0,0.0837,Mississippi
28,91,0.0,0.0,0.0226,Mississippi
28,93,0.0,0.0,0.0676,Mississippi
28,95,0.0,0.0,0.0,Mississippi
28,97,0.0,0.0,0.0451,Mississippi
28,99,0.0,0.0,0.0193,Mississippi
28,101,0.0,0.0,0.0271,Mississippi
28,103,0.0,0.0,0.0,Mississippi
28,105,0.0,0.0,0.0169,Mississippi
28,107,0.0,0.0,0.0226,Mississippi
28,109,0.0,0.0,0.0902,Mississippi
28,111,0.0,0.0,0.0,Mississippi
28,113,0.0,0.0,0.0169,Mississippi
28,115,0.0,0.0,0.0226,Mississippi
28,117,0.0,0.0,0.0,Mississippi
28,119,0.0,0.0,0.0,Mississippi
28,121,0.0,0.0876,0.0401,Mississippi
28,123,0.0,0.0,0.0226,Mississippi
28,125,0.0,0.0,0.0,Mississippi
28,127,0.0,0.0,0.0271,Mississippi
28,129,0.0,0.0,0.0451,Mississippi
28,131,0.0,0.0,0.0,Mississippi
28,133,0.0,0.0,0.0,Mississippi
28,135,0.0,0.0,0.0,Mississippi
28,137,0.0,0.0,0.0541,Mississippi
28,139,0.0,0.0,0.0,Mississippi
28,141,0.0,0.0,0.0338,Mississippi
28,143,0.8661,0.7893,0.0451,Mississippi
28,145,0.0,0.0,0.0,Mississippi
28,147,0.0,0.0,0.0902,Mississippi
28,149,0.0,0.0,0.0451,Mississippi
28,151,0.0,0.0,0.0142,Mississippi
28,153,0.0,0.0,0.0676,Mississippi
28,155,0.0,0.7893,0.0,Mississippi
28,157,0.0,0.0,0.0676,Mississippi
28,159,0.0,0.0,0.0271,Mississippi
28,161,0.0,0.0,0.0,Mississippi
28,163,0.0,0.0,0.0,Mississippi
29,1,0.0,0.0,0.0193,Missouri
29,3,0.0,0.0,0.0338,Missouri
29,5,0.0,0.0,0.0676,Missouri
29,7,0.0,0.0,0.0,Missouri
29,9,0.0,0.0,0.0,Missouri
29,11,0.0,0.0,0.0,Missouri
29,13,0.0,0.0,0.0,Missouri
29,15,0.0,0.0,0.0,Missouri
29,17,0.0,0.0,0.0,Missouri
29,19,0.0,0.0,0.0466,Missouri
29,21,0.0,0.0,0.0379,Missouri
29,23,0.0,0.0,0.0135,Missouri
29,25,0.0,0.0,0.0,Missouri
29,27,0.0,0.0,0.0169,Missouri
29,29,0.0,0.0,0.0369,Missouri
29,31,0.0,0.0,0.0169,Missouri
29,33,0.0,0.0,0.0,Missouri
29,35,0.0,0.0,0.0,Missouri
29,37,0.0,0.0,0.0474,Missouri
29,39,0.0,0.0,0.0,Missouri
29,41,0.0,0.0,0.0902,Missouri
29,43,0.0,0.0,0.0387,Missouri
29,45,0.0,0.0,0.0,Missouri
29,47,0.0,0.0,0.0646,Missouri
29,49,0.0,0.0,0.0676,Missouri
29,51,0.0,0.0,0.0902,Missouri
29,53,0.0,0.0,0.0271,Missouri
29,55,0.0,0.0,0.0226,Missouri
29,57,0.0,0.0,0.0,Missouri
29,59,0.0,0.0,0.0,Missouri
29,61,0.0,0.0,0.0,Missouri
29,63,0.0,0.0,0.0,Missouri
29,65,0.0,0.0,0.0,Missouri
29,67,0.0,0.0,0.0,Missouri
29,69,0.0,0.0,0.0,Missouri
29,71,0.0,0.0,0.0398,Missouri
29,73,0.0,0.0,0.0271,Missouri
29,75,0.0,0.0,0.0,Missouri
29,77,0.0,0.0,0.0371,Missouri
29,79,0.0,0.0,0.0,Missouri
29,81,0.0,0.0,0.0,Missouri
29,83,0.0,0.0,0.0,Missouri
29,85,0.0,0.0,0.0,Missouri
29,87,0.0,0.0,0.0,Missouri
29,89,0.0,0.0,0.0,Missouri
29,91,0.0,0.0,0.0338,Missouri
29,93,0.0,0.0,0.0,Missouri
29,95,0.0522,0.0594,0.0503,Missouri
29,97,0.0,0.0,0.0308,Missouri
29,99,0.0,0.0,0.0419,Missouri
29,101,0.0,0.0,0.015,Missouri
29,103,0.0,0.0,0.0,Missouri
29,105,0.0,0.0,0.0,Missouri
29,107,0.0,0.0,0.0387,Missouri
29,109,0.0,0.0,0.0193,Missouri
29,111,0.0,0.0,0.0,Missouri
29,113,0.0,0.0,0.0193,Missouri
29,115,0.0,0.0,0.0,Missouri
29,117,0.0,0.0,0.0,Missouri
29,119,0.0,0.0,0.0338,Missouri
29,121,0.0,0.0,0.0271,Missouri
29,123,0.0,0.0,0.0,Missouri
29,125,0.0,0.0,0.0,Missouri
29,127,0.0,0.0,0.0338,Missouri
29,129,0.0,0.0,0.0676,Missouri
29,131,0.0,0.0,0.0,Missouri
29,133,0.0,0.0,0.0,Missouri
29,135,0.0,0.0,0.0338,Missouri
29,137,0.0,0.0,0.0,Missouri
29,139,0.0,0.0,0.0,Missouri
29,141,0.0,0.0,0.0271,Missouri
29,143,0.0,0.0,0.0,Missouri
29,145,0.0,0.0,0.0338,Missouri
29,147,0.0,0.0,0.0,Missouri
29,149,0.0,0.0,0.0,Missouri
29,151,0.0,0.0,0.0338,Missouri
29,153,0.0,0.0,0.0,Missouri
29,155,0.0,0.0,0.0,Missouri
29,157,0.0,0.0,0.0271,Missouri
29,159,0.0,0.0,0.0,Missouri
29,161,0.0,0.0,0.0271,Missouri
29,163,0.0,0.0,0.0,Missouri
29,165,0.1299,0.1184,0.0744,Missouri
29,167,0.0,0.0,0.0,Missouri
29,169,0.0,0.0,0.0752,Missouri
29,171,0.0,0.0,0.0676,Missouri
29,173,0.0,0.0,0.0,Missouri
29,175,0.0,0.0,0.0226,Missouri
29,177,0.0,0.0,0.0,Missouri
29,179,0.0,0.0,0.0,Missouri
29,181,0.0,0.0,0.0,Missouri
29,183,0.033,0.0301,0.0736,Missouri
29,185,0.0,0.0,0.0,Missouri
29,186,0.0,0.0,0.0338,Missouri
29,187,0.0,0.0,0.0123,Missouri
29,189,0.0,0.0,0.0714,Missouri
29,195,0.0,0.0,0.0,Missouri
29,197,0.0,0.0,0.0,Missouri
29,199,0.0,0.0,0.0,Missouri
29,201,0.0,0.0,0.0,Missouri
29,203,0.0,0.0,0.0,Missouri
29,205,0.0,0.0,0.0,Missouri
29,207,0.0,0.0,0.0169,Missouri
29,209,0.0,0.0,0.0226,Missouri
29,211,0.0,0.0,0.0451,Missouri
29,213,0.0,0.0,0.0271,Missouri
29,215,0.0,0.0,0.0,Missouri
29,217,0.0,0.0,0.0451,Missouri
29,219,0.0,0.0,0.0541,Missouri
29,221,0.0,0.0,0.0,Missouri
29,223,0.0,0.0,0.0338,Missouri
29,225,0.0,0.0,0.0,Missouri
29,227,0.0,0.0,0.0,Missouri
29,229,0.0,0.0,0.0,Missouri
29,510,0.0,0.0223,0.0332,Missouri
30,1,0.0,0.0,0.0,Montana
30,3,0.0,0.0,0.0,Montana
30,5,0.0,0.0,0.0338,Montana
30,7,0.0,0.0,0.0676,Montana
30,9,0.0,0.0,0.0271,Montana
30,11,0.0,0.0,0.0,Montana
30,13,0.0,0.0,0.0369,Montana
30,15,0.0,0.0,0.0,Montana
30,17,0.0,0.0,0.0676,Montana
30,19,0.0,0.0,0.1353,Montana
30,21,0.0,0.0,0.0451,Montana
30,23,0.0,0.0,0.0451,Montana
30,25,0.0,0.0,0.1353,Montana
30,27,0.0,0.0,0.0676,Montana
30,29,0.0,0.0,0.0356,Montana
30,31,0.0,0.0,0.0922,Montana
30,33,0.0,0.0,0.0,Montana
30,35,0.0,0.0,0.0338,Montana
30,37,0.0,0.0,0.1353,Montana
30,39,0.0,0.0,0.0,Montana
30,41,0.0,0.0,0.0451,Montana
30,43,0.0,0.0,0.0,Montana
30,45,0.0,0.0,0.0,Montana
30,47,0.0,0.0,0.0169,Montana
30,49,0.0,0.0,0.029,Montana
30,51,0.0,0.0,0.0,Montana
30,53,0.0,0.0,0.0,Montana
30,55,0.0,0.0,0.1353,Montana
30,57,0.0,0.0,0.0902,Montana
30,59,0.0,0.0,0.1353,Montana
30,61,0.0,0.0,0.0,Montana
30,63,0.0,0.0,0.0609,Montana
30,65,0.0,0.0,0.0,Montana
30,67,0.4332,0.3947,0.0451,Montana
30,69,0.0,0.0,0.1353,Montana
30,71,0.0,0.0,0.0,Montana
30,73,0.0,0.0,0.0676,Montana
30,75,0.0,0.0,0.0,Montana
30,77,0.0,0.0,0.0,Montana
30,79,0.0,0.0,0.1353,Montana
30,81,0.0,0.0,0.0271,Montana
30,83,0.0,0.0,0.0676,Montana
30,85,0.0,0.0,0.0,Montana
30,87,0.0,0.0,0.0676,Montana
30,89,0.0,0.0,0.0,Montana
30,91,0.0,0.0,0.0,Montana
30,93,0.0,0.0,0.0507,Montana
30,95,0.0,0.0,0.0902,Montana
30,97,0.0,0.0,0.1353,Montana
30,99,0.0,0.0,0.0451,Montana
30,101,0.8661,0.7893,0.0902,Montana
30,103,0.0,0.0,0.1353,Montana
30,105,0.0,0.0,0.0,Montana
30,107,0.0,0.0,0.1353,Montana
30,109,0.0,0.0,0.1353,Montana
30,111,0.0,0.0,0.0296,Montana
31,1,0.0,0.0,0.015,Nebraska
31,3,0.0,0.0,0.0,Nebraska
31,5,0.0,0.0,0.1353,Nebraska
31,7,0.0,0.0,0.0,Nebraska
31,9,0.0,0.0,0.1353,Nebraska
31,11,0.0,0.0,0.1353,Nebraska
31,13,0.0,0.0,0.0,Nebraska
31,15,0.0,0.0,0.0,Nebraska
31,17,0.0,0.0,0.0,Nebraska
31,19,0.0,0.0,0.0369,Nebraska
31,21,0.0,0.0,0.0,Nebraska
31,23,0.0,0.0,0.0902,Nebraska
31,25,0.0,0.0,0.0226,Nebraska
31,27,0.0,0.0,0.0,Nebraska
31,29,0.0,0.0,0.0,Nebraska
31,31,0.0,0.0,0.0,Nebraska
31,33,0.0,0.0,0.0,Nebraska
31,35,0.0,0.0,0.0,Nebraska
31,37,0.0,0.0,0.0451,Nebraska
31,39,0.0,0.0,0.0451,Nebraska
31,41,0.0,0.0,0.0,Nebraska
31,43,0.0,0.0,0.0338,Nebraska
31,45,0.0,0.0,0.0,Nebraska
31,47,0.0,0.0,0.0387,Nebraska
31,49,0.0,0.0,0.0,Nebraska
31,51,0.0,0.0,0.0,Nebraska
31,53,0.0,0.0,0.0601,Nebraska
31,55,0.0,0.0,0.0555,Nebraska
31,57,0.0,0.0,0.0,Nebraska
31,59,0.0,0.0,0.0676,Nebraska
31,61,0.0,0.0,0.0,Nebraska
31,63,0.0,0.0,0.0,Nebraska
31,65,0.0,0.0,0.0,Nebraska
31,67,0.0,0.0,0.0,Nebraska
31,69,0.0,0.0,0.0,Nebraska
31,71,0.0,0.0,0.0,Nebraska
31,73,0.0,0.0,0.0,Nebraska
31,75,0.0,0.0,0.0,Nebraska
31,77,0.0,0.0,0.1353,Nebraska
31,79,0.0,0.0,0.0387,Nebraska
31,81,0.0,0.0,0.0,Nebraska
31,83,0.0,0.0,0.0,Nebraska
31,85,0.0,0.0,0.0,Nebraska
31,87,0.0,0.0,0.0,Nebraska
31,89,0.0,0.0,0.0338,Nebraska
31,91,0.0,0.0,0.1353,Nebraska
31,93,0.0,0.0,0.0676,Nebraska
31,95,0.0,0.0,0.0451,Nebraska
31,97,0.0,0.0,0.0676,Nebraska
31,99,0.0,0.0,0.0,Nebraska
31,101,0.0,0.0,0.0451,Nebraska
31,103,0.0,0.0,0.0,Nebraska
31,105,0.0,0.0,0.0,Nebraska
31,107,0.0,0.0,0.0,Nebraska
31,109,0.1052,0.1281,0.0603,Nebraska
31,111,0.0,0.0,0.0676,Nebraska
31,113,0.0,0.0,0.0,Nebraska
31,115,0.0,0.0,0.1353,Nebraska
31,117,0.0,0.0,0.0,Nebraska
31,119,0.0,0.0,0.0451,Nebraska
31,121,0.0,0.0,0.1353,Nebraska
31,123,0.0,0.0,0.0,Nebraska
31,125,0.0,0.0,0.0,Nebraska
31,127,0.0,0.0,0.0,Nebraska
31,129,0.0,0.0,0.0,Nebraska
31,131,0.0,0.0,0.0271,Nebraska
31,133,0.0,0.0,0.0,Nebraska
31,135,0.0,0.0,0.0,Nebraska
31,137,0.0,0.0,0.0451,Nebraska
31,139,0.0,0.0,0.0676,Nebraska
31,141,0.0,0.0,0.0193,Nebraska
31,143,0.0,0.0,0.0676,Nebraska
31,145,0.0,0.0,0.0,Nebraska
31,147,0.0,0.0,0.0451,Nebraska
31,149,0.0,0.0,0.0,Nebraska
31,151,0.0,0.0,0.0,Nebraska
31,153,0.0,0.0,0.0598,Nebraska
31,155,0.0,0.0,0.0271,Nebraska
31,157,0.0,0.0,0.0369,Nebraska
31,159,0.0,0.0,0.0676,Nebraska
31,161,0.0,0.0,0.1353,Nebraska
31,163,0.0,0.0,0.0,Nebraska
31,165,0.0,0.0,0.0,Nebraska
31,167,0.0,0.0,0.0,Nebraska
31,169,0.0,0.0,0.0,Nebraska
31,171,0.0,0.0,0.1353,Nebraska
31,173,0.0,0.0,0.0,Nebraska
31,175,0.0,0.0,0.0,Nebraska
31,177,0.0,0.0,0.0541,Nebraska
31,179,0.0,0.0,0.0,Nebraska
31,181,0.0,0.0,0.0,Nebraska
31,183,0.0,0.0,0.0,Nebraska
31,185,0.0,0.0,0.0338,Nebraska
32,1,0.0,0.0,0.0387,Nevada
32,3,0.0,0.0,0.0397,Nevada
32,5,0.1528,0.1392,0.0796,Nevada
32,7,0.0,0.0,0.0676,Nevada
32,9,0.0,0.0,0.0,Nevada
32,11,0.0,0.0,0.1353,Nevada
32,13,0.0,0.0,0.0338,Nevada
32,15,0.0,0.0,0.1353,Nevada
32,17,0.0,0.0,0.0676,Nevada
32,19,0.0,0.0,0.0135,Nevada
32,21,0.0,0.0,0.0676,Nevada
32,23,0.2598,0.2368,0.0541,Nevada
32,27,0.0,0.0,0.0,Nevada
32,29,0.0,0.0,0.0,Nevada
32,31,0.1393,0.1269,0.0544,Nevada
32,33,0.0,0.0,0.0451,Nevada
32,510,0.1855,0.1691,0.0483,Nevada
33,1,0.0,0.0,0.0722,New Hampshire
33,3,0.0,0.0,0.0369,New Hampshire
33,5,0.0,0.0,0.0507,New Hampshire
33,7,0.0,0.0,0.0369,New Hampshire
33,9,0.0,0.0,0.0356,New Hampshire
33,11,0.0301,0.0275,0.0661,New Hampshire
33,13,0.0,0.0,0.0564,New Hampshire
33,15,0.0787,0.0718,0.0861,New Hampshire
33,17,0.0,0.0,0.0649,New Hampshire
33,19,0.0,0.0,0.0271,New Hampshire
34,1,0.0372,0.0339,0.0445,New Jersey
34,3,0.0,0.0,0.0884,New Jersey
34,5,0.0,0.0,0.0807,New Jersey
34,7,0.0,0.0,0.0543,New Jersey
34,9,0.0787,0.0718,0.0697,New Jersey
34,11,0.297,0.2707,0.0464,New Jersey
34,13,0.0247,0.0339,0.0561,New Jersey
34,15,0.0,0.0,0.0644,New Jersey
34,17,0.0156,0.0284,0.0432,New Jersey
34,19,0.0,0.0,0.0676,New Jersey
34,21,0.0338,0.0616,0.0685,New Jersey
34,23,0.0,0.0,0.0781,New Jersey
34,25,0.0179,0.0329,0.0789,New Jersey
34,27,0.0,0.0,0.1042,New Jersey
34,29,0.0618,0.0564,0.0752,New Jersey
34,31,0.026,0.0237,0.0338,New Jersey
34,33,0.1039,0.0947,0.0379,New Jersey
34,35,0.0,0.0,0.1035,New Jersey
34,37,0.0,0.0,0.0891,New Jersey
34,39,0.0,0.0,0.0676,New Jersey
34,41,0.0,0.0,0.0529,New Jersey
35,1,0.0,0.0,0.046,New Mexico
35,3,0.0,0.0,0.0,New Mexico
35,5,0.0,0.0,0.0085,New Mexico
35,6,0.0,0.0,0.0193,New Mexico
35,7,0.0,0.0,0.0,New Mexico
35,9,0.0,0.0,0.0226,New Mexico
35,11,0.0,0.0,0.0,New Mexico
35,13,0.0,0.0,0.0165,New Mexico
35,15,0.0,0.0,0.0338,New Mexico
35,17,0.0,0.0,0.0338,New Mexico
35,19,0.0,0.0,0.0,New Mexico
35,21,0.0,0.0,0.1353,New Mexico
35,23,0.0,0.0,0.0676,New Mexico
35,25,0.0,0.0,0.0526,New Mexico
35,27,0.0,0.0,0.0541,New Mexico
35,28,0.0,0.0,0.1353,New Mexico
35,29,0.0,0.0,0.0226,New Mexico
35,31,0.0,0.0,0.0239,New Mexico
35,33,0.0,0.0,0.0,New Mexico
35,35,0.0,0.0,0.0423,New Mexico
35,37,0.0,0.0,0.0451,New Mexico
35,39,0.0,0.0,0.0301,New Mexico
35,41,0.0,0.0,0.0271,New Mexico
35,43,0.0928,0.0845,0.0242,New Mexico
35,45,0.0,0.0,0.0287,New Mexico
35,47,0.0,0.0,0.0,New Mexico
35,49,0.052,0.0474,0.0595,New Mexico
35,51,0.0,0.0,0.0,New Mexico
35,53,0.0,0.0,0.0451,New Mexico
35,55,0.0,0.0,0.0226,New Mexico
35,57,0.0,0.0,0.0338,New Mexico
35,59,0.0,0.0,0.0,New Mexico
35,61,0.0,0.0,0.0226,New Mexico
36,1,0.0346,0.0315,0.0451,New York
36,3,0.1998,0.1821,0.0104,New York
36,5,0.0767,0.0767,0.0239,New York
36,7,0.0,0.0,0.0197,New York
36,9,0.1237,0.1127,0.0193,New York
36,11,0.1299,0.1184,0.0271,New York
36,13,0.0722,0.1317,0.0113,New York
36,15,0.1182,0.1077,0.0308,New York
36,17,0.0,0.0,0.0,New York
36,19,0.1367,0.1246,0.0142,New York
36,21,0.0,0.0,0.0515,New York
36,23,0.0,0.0,0.0338,New York
36,25,0.1855,0.1691,0.0193,New York
36,27,0.0657,0.09,0.0668,New York
36,29,0.0657,0.0699,0.0331,New York
36,31,0.0,0.0,0.0312,New York
36,33,0.0,0.0,0.0193,New York
36,35,0.0,0.0,0.018,New York
36,37,0.0,0.0,0.018,New York
36,39,0.1733,0.1579,0.0451,New York
36,41,0.0,0.0,0.0676,New York
36,43,0.0,0.0,0.0214,New York
36,45,0.1998,0.1821,0.0156,New York
36,47,0.0444,0.0497,0.0384,New York
36,49,0.0,0.0,0.0,New York
36,51,0.3464,0.3157,0.0271,New York
36,53,0.0,0.0,0.0169,New York
36,55,0.0538,0.0613,0.04,New York
36,57,0.0,0.0,0.0085,New York
36,59,0.0733,0.0668,0.0877,New York
36,61,0.0811,0.0822,0.0615,New York
36,63,0.0839,0.0765,0.0327,New York
36,65,0.1757,0.192,0.0384,New York
36,67,0.0,0.0339,0.0338,New York
36,69,0.0,0.0,0.0271,New York
36,71,0.0,0.0,0.0634,New York
36,73,0.2362,0.2153,0.0492,New York
36,75,0.0865,0.0789,0.0135,New York
36,77,0.0,0.1392,0.0398,New York
36,79,0.0,0.0,0.0997,New York
36,81,0.0972,0.1061,0.0524,New York
36,83,0.0,0.0,0.0612,New York
36,85,0.0473,0.0862,0.0492,New York
36,87,0.0,0.0,0.0562,New York
36,89,0.1855,0.2536,0.0193,New York
36,91,0.052,0.0474,0.0514,New York
36,93,0.0,0.0,0.0503,New York
36,95,0.3248,0.296,0.0169,New York
36,97,0.0,0.0,0.0271,New York
36,99,0.0,0.0,0.0271,New York
36,101,0.0,0.0,0.009,New York
36,103,0.0081,0.0073,0.0741,New York
36,105,0.0,0.0,0.0395,New York
36,107,0.0,0.0,0.0135,New York
36,109,0.0,0.103,0.0529,New York
36,111,0.0,0.0,0.0403,New York
36,113,0.0,0.0,0.0356,New York
36,115,0.0,0.0,0.0239,New York
36,117,0.113,0.103,0.0294,New York
36,119,0.0465,0.0424,0.0764,New York
36,121,0.0,0.0,0.0369,New York
36,123,0.0,0.0,0.0541,New York
37,1,0.0,0.0,0.0301,North Carolina
37,3,0.0,0.0,0.0193,North Carolina
37,5,0.0,0.0,0.0,North Carolina
37,7,0.0,0.0,0.0451,North Carolina
37,9,0.0,0.0,0.0451,North Carolina
37,11,0.0,0.0,0.0271,North Carolina
37,13,0.0,0.0,0.0369,North Carolina
37,15,0.0,0.0,0.0,North Carolina
37,17,0.0,0.0,0.0,North Carolina
37,19,0.0787,0.0718,0.0574,North Carolina
37,21,0.0,0.0,0.0459,North Carolina
37,23,0.0,0.0,0.0301,North Carolina
37,25,0.0,0.0,0.0366,North Carolina
37,27,0.0,0.0,0.0239,North Carolina
37,29,0.0,0.0,0.0676,North Carolina
37,31,0.1998,0.1821,0.0694,North Carolina
37,33,0.0,0.0,0.0,North Carolina
37,35,0.0,0.0,0.0262,North Carolina
37,37,0.0,0.0,0.052,North Carolina
37,39,0.0,0.0,0.0,North Carolina
37,41,0.0,0.0,0.0451,North Carolina
37,43,0.0,0.0,0.0,North Carolina
37,45,0.0,0.0,0.0123,North Carolina
37,47,0.0,0.0,0.0104,North Carolina
37,49,0.0,0.0,0.0193,North Carolina
37,51,0.1528,0.174,0.0219,North Carolina
37,53,0.3248,0.296,0.0846,North Carolina
37,55,0.4724,0.4305,0.0615,North Carolina
37,57,0.0,0.0,0.0199,North Carolina
37,59,0.0,0.0,0.0387,North Carolina
37,61,0.0,0.0,0.0,North Carolina
37,63,0.0865,0.1184,0.0541,North Carolina
37,65,0.0,0.0,0.0097,North Carolina
37,67,0.0,0.0,0.0538,North Carolina
37,69,0.0,0.0,0.0338,North Carolina
37,71,0.0,0.0,0.0416,North Carolina
37,73,0.0,0.0,0.0451,North Carolina
37,75,0.0,0.0,0.0,North Carolina
37,77,0.1998,0.1821,0.0416,North Carolina
37,79,0.0,0.0,0.0,North Carolina
37,81,0.0218,0.0199,0.0466,North Carolina
37,83,0.0,0.0,0.0,North Carolina
37,85,0.0,0.0,0.0401,North Carolina
37,87,0.1624,0.148,0.0169,North Carolina
37,89,0.0961,0.0876,0.0451,North Carolina
37,91,0.0,0.0,0.0,North Carolina
37,93,0.2887,0.2631,0.015,North Carolina
37,95,1.7324,1.5788,0.0902,North Carolina
37,97,0.0,0.0,0.0584,North Carolina
37,99,0.0,0.0,0.0451,North Carolina
37,101,0.0,0.0,0.0162,North Carolina
37,103,0.0,0.0,0.0,North Carolina
37,105,0.0,0.0,0.0416,North Carolina
37,107,0.0,0.0,0.0,North Carolina
37,109,0.0,0.0,0.0376,North Carolina
37,111,0.0,0.0,0.0135,North Carolina
37,113,0.0,0.0,0.0601,North Carolina
37,115,0.0,0.0,0.0676,North Carolina
37,117,0.0,0.0,0.0,North Carolina
37,119,0.0335,0.0407,0.0528,North Carolina
37,121,0.0,0.0,0.0338,North Carolina
37,123,0.0,0.0,0.0451,North Carolina
37,125,0.0,0.0,0.0676,North Carolina
37,127,0.0,0.0,0.0376,North Carolina
37,129,0.1154,0.1051,0.0391,North Carolina
37,131,0.0,0.0,0.0,North Carolina
37,133,0.1624,0.2221,0.0338,North Carolina
37,135,0.0,0.0845,0.0773,North Carolina
37,137,0.5197,0.4736,0.0541,North Carolina
37,139,0.0,0.0,0.0406,North Carolina
37,141,0.1624,0.148,0.0423,North Carolina
37,143,0.0,0.0,0.0,North Carolina
37,145,0.0,0.0,0.0,North Carolina
37,147,0.0,0.0,0.038,North Carolina
37,149,0.0,0.0,0.0387,North Carolina
37,151,0.0,0.0,0.0338,North Carolina
37,153,0.0,0.0,0.0123,North Carolina
37,155,0.0,0.0,0.0,North Carolina
37,157,0.0,0.0,0.0193,North Carolina
37,159,0.0,0.0,0.018,North Carolina
37,161,0.0,0.0,0.0104,North Carolina
37,163,0.0,0.0,0.0123,North Carolina
37,165,0.0,0.0,0.0,North Carolina
37,167,0.0,0.0,0.0208,North Carolina
37,169,0.0,0.0,0.0451,North Carolina
37,171,0.0,0.0,0.0246,North Carolina
37,173,0.5197,0.4736,0.0271,North Carolina
37,175,0.0,0.0,0.0193,North Carolina
37,177,0.0,0.0,0.0,North Carolina
37,179,0.0,0.0,0.0627,North Carolina
37,181,0.0,0.0,0.0271,North Carolina
37,183,0.0278,0.0253,0.0709,North Carolina
37,185,0.0,0.0,0.0,North Carolina
37,187,0.0,0.0,0.0451,North Carolina
37,189,0.0,0.0,0.052,North Carolina
37,191,0.0,0.0,0.0208,North Carolina
37,193,0.0,0.0,0.0097,North Carolina
37,195,0.0,0.0,0.0214,North Carolina
37,197,0.0,0.0,0.0193,North Carolina
37,199,0.0,0.0,0.0,North Carolina
38,1,0.0,0.0,0.0,North Dakota
38,3,0.0,0.0,0.1015,North Dakota
38,5,0.0,0.0,0.0,North Dakota
38,7,0.0,0.0,0.1353,North Dakota
38,9,0.0,0.0,0.0,North Dakota
38,11,0.0,0.0,0.1353,North Dakota
38,13,0.0,0.0,0.0,North Dakota
38,15,0.0,0.0,0.057,North Dakota
38,17,0.0,0.0,0.0533,North Dakota
38,19,0.0,0.0,0.0676,North Dakota
38,21,0.0,0.0,0.1353,North Dakota
38,23,0.0,0.0,0.0,North Dakota
38,25,0.0,0.0,0.0,North Dakota
38,27,0.0,0.0,0.0,North Dakota
38,29,0.0,0.0,0.0,North Dakota
38,31,0.0,0.0,0.0,North Dakota
38,33,0.0,0.0,0.0,North Dakota
38,35,0.0,0.0,0.0526,North Dakota
38,37,0.0,0.0,0.0,North Dakota
38,39,0.0,0.0,0.0,North Dakota
38,41,0.0,0.0,0.0,North Dakota
38,43,0.0,0.0,0.0,North Dakota
38,45,0.0,0.0,0.0676,North Dakota
38,47,0.0,0.0,0.0,North Dakota
38,49,0.0,0.0,0.0,North Dakota
38,51,0.0,0.0,0.0,North Dakota
38,53,0.0,0.0,0.1353,North Dakota
38,55,0.0,0.0,0.0,North Dakota
38,57,0.0,0.0,0.0451,North Dakota
38,59,0.0,0.0,0.0,North Dakota
38,61,0.0,0.0,0.0902,North Dakota
38,63,0.0,0.0,0.0,North Dakota
38,65,0.0,0.0,0.1353,North Dakota
38,67,0.0,0.0,0.1082,North Dakota
38,69,0.0,0.0,0.0676,North Dakota
38,71,0.0,0.0,0.0,North Dakota
38,73,0.0,0.0,0.0,North Dakota
38,75,0.0,0.0,0.0,North Dakota
38,77,0.0,0.0,0.0451,North Dakota
38,79,0.0,0.0,0.0,North Dakota
38,81,0.0,0.0,0.1353,North Dakota
38,83,0.0,0.0,0.1353,North Dakota
38,85,0.0,0.0,0.0,North Dakota
38,87,0.0,0.0,0.0,North Dakota
38,89,0.0,0.0,0.0676,North Dakota
38,91,0.0,0.0,0.1353,North Dakota
38,93,0.0,0.0,0.0226,North Dakota
38,95,0.0,0.0,0.0,North Dakota
38,97,0.0,0.0,0.1015,North Dakota
38,99,0.0,0.0,0.0676,North Dakota
38,101,0.0,0.0,0.052,North Dakota
38,103,0.0,0.0,0.0676,North Dakota
38,105,0.0,0.0,0.0773,North Dakota
39,1,0.0,0.0,0.0,Ohio
39,3,0.0,0.0,0.0451,Ohio
39,5,0.0,0.0,0.0492,Ohio
39,7,0.1,0.0912,0.0104,Ohio
39,9,0.0,0.0,0.009,Ohio
39,11,0.0,0.0,0.0492,Ohio
39,13,0.0,0.0,0.0271,Ohio
39,15,0.0,0.0,0.015,Ohio
39,17,0.0,0.0592,0.0609,Ohio
39,19,0.0,0.0,0.0387,Ohio
39,21,0.0,0.0,0.0135,Ohio
39,23,0.0,0.0538,0.0369,Ohio
39,25,0.065,0.0592,0.0507,Ohio
39,27,0.0,0.0,0.0,Ohio
39,29,0.0,0.0,0.0282,Ohio
39,31,0.0,0.0,0.0135,Ohio
39,33,0.0,0.0,0.0312,Ohio
39,35,0.0231,0.0372,0.0418,Ohio
39,37,0.0,0.0,0.0226,Ohio
39,39,0.0,0.0,0.0301,Ohio
39,41,0.0,0.0,0.0734,Ohio
39,43,0.1367,0.1246,0.0641,Ohio
39,45,0.0,0.0,0.029,Ohio
39,47,0.0,0.0,0.0193,Ohio
39,49,0.0091,0.0083,0.0476,Ohio
39,51,0.0,0.0,0.015,Ohio
39,53,0.0,0.0,0.0193,Ohio
39,55,0.0,0.0,0.0837,Ohio
39,57,0.0,0.0,0.0464,Ohio
39,59,0.0,0.0,0.0,Ohio
39,61,0.0,0.0107,0.0475,Ohio
39,63,0.0,0.0,0.052,Ohio
39,65,0.0,0.0,0.0193,Ohio
39,67,0.0,0.0,0.0541,Ohio
39,69,0.0,0.0,0.0193,Ohio
39,71,0.0,0.0,0.015,Ohio
39,73,0.0,0.0,0.0,Ohio
39,75,0.0,0.0,0.0846,Ohio
39,77,0.0,0.0,0.0104,Ohio
39,79,0.0,0.0,0.0193,Ohio
39,81,0.0,0.0,0.0059,Ohio
39,83,0.0,0.0,0.0226,Ohio
39,85,0.0439,0.04,0.0573,Ohio
39,87,0.0,0.0,0.0423,Ohio
39,89,0.0,0.0,0.0254,Ohio
39,91,0.0,0.0,0.0369,Ohio
39,93,0.0351,0.032,0.0366,Ohio
39,95,0.0203,0.0369,0.0338,Ohio
39,97,0.0,0.0,0.0564,Ohio
39,99,0.0,0.0339,0.0135,Ohio
39,101,0.1445,0.1317,0.0226,Ohio
39,103,0.0,0.0,0.0548,Ohio
39,105,0.0,0.0,0.0,Ohio
39,107,0.0,0.0,0.0601,Ohio
39,109,0.0,0.0,0.0258,Ohio
39,111,0.0,0.0,0.0,Ohio
39,113,0.0169,0.0464,0.0398,Ohio
39,115,0.0,0.0,0.0,Ohio
39,117,0.0,0.0,0.0226,Ohio
39,119,0.0,0.0,0.0214,Ohio
39,121,0.0,0.0,0.0,Ohio
39,123,0.0,0.0,0.052,Ohio
39,125,0.0,0.0,0.0,Ohio
39,127,0.0,0.0,0.0226,Ohio
39,129,0.1998,0.1821,0.0312,Ohio
39,131,0.0,0.0,0.0,Ohio
39,133,0.0,0.0,0.0387,Ohio
39,135,0.0,0.0,0.0226,Ohio
39,137,0.0,0.0,0.0387,Ohio
39,139,0.0,0.0,0.0226,Ohio
39,141,0.0,0.0,0.008,Ohio
39,143,0.0,0.0,0.0541,Ohio
39,145,0.0,0.0,0.0135,Ohio
39,147,0.0,0.0,0.0097,Ohio
39,149,0.0,0.0,0.0271,Ohio
39,151,0.0,0.0,0.0378,Ohio
39,153,0.0,0.0,0.0371,Ohio
39,155,0.0,0.0,0.0369,Ohio
39,157,0.0,0.0,0.0193,Ohio
39,159,0.0,0.0,0.0,Ohio
39,161,0.0,0.0,0.015,Ohio
39,163,0.0,0.0,0.0,Ohio
39,165,0.0,0.0718,0.0697,Ohio
39,167,0.0,0.0,0.0254,Ohio
39,169,0.0,0.0,0.0507,Ohio
39,171,0.0,0.0,0.0,Ohio
39,173,0.0,0.0,0.0483,Ohio
39,175,0.0,0.0,0.0226,Ohio
40,1,0.0,0.0,0.0,Oklahoma
40,3,0.0,0.0,0.0451,Oklahoma
40,5,0.0,0.0,0.0,Oklahoma
40,7,0.0,0.0,0.0451,Oklahoma
40,9,0.0,0.0,0.0676,Oklahoma
40,11,0.0,0.0,0.0,Oklahoma
40,13,0.0,0.0,0.0,Oklahoma
40,15,0.0,0.0,0.0169,Oklahoma
40,17,0.0,0.0,0.042,Oklahoma
40,19,0.0,0.0,0.0123,Oklahoma
40,21,0.0,0.0,0.015,Oklahoma
40,23,0.0,0.0,0.0,Oklahoma
40,25,0.0,0.0,0.0676,Oklahoma
40,27,0.0,0.0381,0.0524,Oklahoma
40,29,0.0,0.0,0.0,Oklahoma
40,31,0.0811,0.0739,0.0296,Oklahoma
40,33,0.0,0.0,0.0,Oklahoma
40,35,0.0,0.0,0.0,Oklahoma
40,37,0.0,0.0,0.0258,Oklahoma
40,39,0.0,0.0,0.0271,Oklahoma
40,41,0.0,0.0,0.015,Oklahoma
40,43,0.0,0.0,0.0451,Oklahoma
40,45,0.0,0.0,0.0,Oklahoma
40,47,0.0,0.0,0.0113,Oklahoma
40,49,0.0,0.0,0.0,Oklahoma
40,51,0.0,0.0,0.0135,Oklahoma
40,53,0.0,0.0,0.0,Oklahoma
40,55,0.0,0.0,0.0,Oklahoma
40,57,0.0,0.0,0.0,Oklahoma
40,59,0.0,0.0,0.0,Oklahoma
40,61,0.0,0.0,0.0,Oklahoma
40,63,0.0,0.0,0.0,Oklahoma
40,65,0.0,0.0,0.0169,Oklahoma
40,67,0.0,0.0,0.0,Oklahoma
40,69,0.0,0.0,0.0,Oklahoma
40,71,0.0,0.0,0.0,Oklahoma
40,73,0.0,0.0,0.0676,Oklahoma
40,75,0.0,0.0,0.0,Oklahoma
40,77,0.0,0.0,0.0,Oklahoma
40,79,0.0,0.0,0.0,Oklahoma
40,81,0.0,0.0,0.0,Oklahoma
40,83,0.0,0.0,0.0,Oklahoma
40,85,0.0,0.0,0.0,Oklahoma
40,87,0.0,0.0,0.0676,Oklahoma
40,89,0.0,0.0,0.0,Oklahoma
40,91,0.0,0.0,0.0,Oklahoma
40,93,0.0,0.0,0.0902,Oklahoma
40,95,0.0,0.0,0.0,Oklahoma
40,97,0.0,0.0,0.0,Oklahoma
40,99,0.0,0.0,0.0451,Oklahoma
40,101,0.0,0.0,0.0338,Oklahoma
40,103,0.0,0.0,0.0676,Oklahoma
40,105,0.0,0.0,0.0,Oklahoma
40,107,0.0,0.0,0.0,Oklahoma
40,109,0.0,0.049,0.05,Oklahoma
40,111,0.0,0.0,0.0,Oklahoma
40,113,0.0,0.0,0.0123,Oklahoma
40,115,0.0,0.0,0.0,Oklahoma
40,117,0.0,0.0,0.0,Oklahoma
40,119,0.0,0.0,0.0159,Oklahoma
40,121,0.0,0.1821,0.0104,Oklahoma
40,123,0.0,0.0,0.0,Oklahoma
40,125,0.0,0.0,0.0,Oklahoma
40,127,0.0,0.0,0.0,Oklahoma
40,129,0.0,0.0,0.1353,Oklahoma
40,131,0.0,0.0,0.0193,Oklahoma
40,133,0.0,0.0,0.0,Oklahoma
40,135,0.0,0.0,0.0,Oklahoma
40,137,0.0,0.0,0.0123,Oklahoma
40,139,0.0,0.0,0.0271,Oklahoma
40,141,0.0,0.0,0.0,Oklahoma
40,143,0.0,0.0,0.0317,Oklahoma
40,145,0.0,0.0,0.0246,Oklahoma
40,147,0.0,0.0,0.0208,Oklahoma
40,149,0.0,0.0,0.0338,Oklahoma
40,151,0.0,0.0,0.0902,Oklahoma
40,153,0.0,0.0,0.0271,Oklahoma
41,1,0.0,0.0,0.0,Oregon
41,3,0.0,0.0,0.0451,Oregon
41,5,0.0,0.0296,0.0423,Oregon
41,7,0.2165,0.1973,0.0113,Oregon
41,9,0.0,0.0,0.0135,Oregon
41,11,0.1855,0.1691,0.0193,Oregon
41,13,0.0,0.0,0.0338,Oregon
41,15,0.4332,0.3947,0.0226,Oregon
41,17,0.0,0.0,0.0226,Oregon
41,19,0.113,0.103,0.0176,Oregon
41,21,0.0,0.0,0.0,Oregon
41,23,0.0,0.0,0.0676,Oregon
41,25,0.0,0.0,0.0676,Oregon
41,27,0.0,0.0,0.0,Oregon
41,29,0.0,0.0,0.0165,Oregon
41,31,0.0,0.0,0.0,Oregon
41,33,0.0,0.0,0.0085,Oregon
41,35,0.0,0.0,0.0203,Oregon
41,37,0.0,0.0,0.0,Oregon
41,39,0.0299,0.0272,0.0202,Oregon
41,41,0.1445,0.1317,0.0226,Oregon
41,43,0.0,0.0,0.0193,Oregon
41,45,0.3248,0.296,0.0338,Oregon
41,47,0.0,0.0,0.0117,Oregon
41,49,0.0,0.0,0.0,Oregon
41,51,0.0151,0.0137,0.0269,Oregon
41,53,0.0,0.0,0.0113,Oregon
41,55,0.0,0.0,0.0,Oregon
41,57,0.2887,0.2631,0.0451,Oregon
41,59,0.0,0.0,0.009,Oregon
41,61,0.0,0.0,0.0,Oregon
41,63,0.0,0.0,0.0,Oregon
41,65,0.0,0.0,0.0,Oregon
41,67,0.0,0.0,0.0455,Oregon
41,69,0.0,0.0,0.0,Oregon
41,71,0.0,0.0,0.0239,Oregon
42,1,0.0,0.0,0.0294,Pennsylvania
42,3,0.0712,0.1061,0.0485,Pennsylvania
42,5,0.0,0.0,0.0,Pennsylvania
42,7,0.0,0.0,0.0133,Pennsylvania
42,9,0.0,0.0,0.0123,Pennsylvania
42,11,0.0,0.0,0.0391,Pennsylvania
42,13,0.0,0.0,0.0159,Pennsylvania
42,15,0.0,0.0,0.0,Pennsylvania
42,17,0.0182,0.0166,0.0681,Pennsylvania
42,19,0.059,0.0538,0.0369,Pennsylvania
42,21,0.0,0.0,0.0129,Pennsylvania
42,23,0.0,0.0,0.0,Pennsylvania
42,25,0.0,0.0,0.0338,Pennsylvania
42,27,0.0839,0.1527,0.0436,Pennsylvania
42,29,0.0223,0.0204,0.0933,Pennsylvania
42,31,0.0,0.0,0.0,Pennsylvania
42,33,0.0,0.0,0.0,Pennsylvania
42,35,0.0,0.0,0.0,Pennsylvania
42,37,0.0,0.0,0.009,Pennsylvania
42,39,0.0,0.0,0.0,Pennsylvania
42,41,0.053,0.0966,0.0469,Pennsylvania
42,43,0.0,0.0,0.0333,Pennsylvania
42,45,0.0179,0.0163,0.0592,Pennsylvania
42,47,0.0,0.0,0.0301,Pennsylvania
42,49,0.0722,0.0658,0.0207,Pennsylvania
42,51,0.0,0.0,0.0113,Pennsylvania
42,53,0.0,0.0,0.0,Pennsylvania
42,55,0.0,0.0,0.0451,Pennsylvania
42,57,0.0,0.0,0.0,Pennsylvania
42,59,0.0,0.0,0.015,Pennsylvania
42,61,0.0,0.0,0.0,Pennsylvania
42,63,0.0,0.0,0.0118,Pennsylvania
42,65,0.0,0.0,0.0,Pennsylvania
42,67,0.0,0.0,0.0271,Pennsylvania
42,69,0.0,0.0,0.0252,Pennsylvania
42,71,0.0,0.0,0.0442,Pennsylvania
42,73,0.0,0.0,0.0048,Pennsylvania
42,75,0.0,0.0,0.0393,Pennsylvania
42,77,0.0,0.0,0.0356,Pennsylvania
42,79,0.0249,0.0227,0.0377,Pennsylvania
42,81,0.0,0.0,0.014,Pennsylvania
42,83,0.0,0.0,0.0113,Pennsylvania
42,85,0.0,0.0,0.0271,Pennsylvania
42,87,0.0,0.0,0.0,Pennsylvania
42,89,0.0,0.0,0.0492,Pennsylvania
42,91,0.0122,0.0111,0.0776,Pennsylvania
42,93,0.0,0.0,0.0,Pennsylvania
42,95,0.0,0.0348,0.0378,Pennsylvania
42,97,0.0,0.0,0.0226,Pennsylvania
42,99,0.0,0.0,0.0135,Pennsylvania
42,101,0.0608,0.0739,0.0271,Pennsylvania
42,103,0.0,0.0,0.0601,Pennsylvania
42,105,0.0,0.0,0.0,Pennsylvania
42,107,0.0,0.0,0.0169,Pennsylvania
42,109,0.0,0.296,0.0169,Pennsylvania
42,111,0.0,0.0,0.0064,Pennsylvania
42,113,0.0,0.0,0.0,Pennsylvania
42,115,0.0,0.0,0.0,Pennsylvania
42,117,0.0,0.0,0.0,Pennsylvania
42,119,0.5197,0.4736,0.0541,Pennsylvania
42,121,0.0,0.0,0.0,Pennsylvania
42,123,0.0,0.0,0.0208,Pennsylvania
42,125,0.0,0.0,0.0321,Pennsylvania
42,127,0.0,0.0,0.0193,Pennsylvania
42,129,0.0,0.0,0.0379,Pennsylvania
42,131,0.0,0.0,0.0,Pennsylvania
42,133,0.0,0.0,0.0256,Pennsylvania
44,1,0.0,0.0,0.0123,Rhode Island
44,3,0.0665,0.0606,0.0451,Rhode Island
44,5,0.113,0.103,0.0588,Rhode Island
44,7,0.0,0.0168,0.0374,Rhode Island
44,9,0.1733,0.1579,0.0631,Rhode Island
45,1,0.0,0.0,0.0226,South Carolina
45,3,0.0787,0.0718,0.0369,South Carolina
45,5,0.0,0.0,0.0451,South Carolina
45,7,0.0,0.0,0.0416,South Carolina
45,9,0.0,0.0,0.0338,South Carolina
45,11,0.4332,0.3947,0.0226,South Carolina
45,13,0.1268,0.1156,0.0891,South Carolina
45,15,0.0577,0.0526,0.0421,South Carolina
45,17,0.0,0.0,0.0,South Carolina
45,19,0.0301,0.0275,0.0582,South Carolina
45,21,0.0,0.0,0.0416,South Carolina
45,23,0.0,0.0,0.0123,South Carolina
45,25,0.0,0.0,0.0,South Carolina
45,27,0.2165,0.1973,0.0226,South Carolina
45,29,0.2598,0.2368,0.0271,South Carolina
45,31,0.0,0.0,0.0085,South Carolina
45,33,0.0,0.0,0.0,South Carolina
45,35,0.0,0.0,0.0595,South Carolina
45,37,0.0,0.0,0.0226,South Carolina
45,39,0.0,0.0,0.0271,South Carolina
45,41,0.0787,0.0718,0.0369,South Carolina
45,43,0.1733,0.1579,0.0541,South Carolina
45,45,0.0,0.0,0.0622,South Carolina
45,47,0.0,0.0,0.029,South Carolina
45,49,0.0,0.0,0.0,South Carolina
45,51,0.0361,0.0329,0.0395,South Carolina
45,53,0.5197,0.4736,0.0541,South Carolina
45,55,0.0,0.0,0.0361,South Carolina
45,57,0.0,0.0,0.0193,South Carolina
45,59,0.0,0.0,0.0477,South Carolina
45,61,0.3713,0.3384,0.0193,South Carolina
45,63,0.0351,0.032,0.0457,South Carolina
45,65,0.0,0.0,0.0451,South Carolina
45,67,0.0,0.0,0.0,South Carolina
45,69,0.0,0.0,0.0193,South Carolina
45,71,0.0,0.0,0.0169,South Carolina
45,73,0.0,0.0,0.0271,South Carolina
45,75,0.0,0.0,0.0271,South Carolina
45,77,0.0,0.0,0.058,South Carolina
45,79,0.1167,0.1063,0.0395,South Carolina
45,81,0.0,0.0,0.0271,South Carolina
45,83,0.0,0.0,0.0373,South Carolina
45,85,0.0,0.0,0.0235,South Carolina
45,87,0.0,0.0,0.0451,South Carolina
45,89,0.2362,0.2153,0.0369,South Carolina
45,91,0.0564,0.0514,0.0471,South Carolina
46,3,0.0,0.0,0.0,South Dakota
46,5,0.0,0.0,0.0,South Dakota
46,7,0.0,0.0,0.0,South Dakota
46,9,0.0,0.0,0.0,South Dakota
46,11,0.0,0.0,0.0676,South Dakota
46,13,0.0,0.0,0.0169,South Dakota
46,15,0.0,0.0,0.0,South Dakota
46,17,0.0,0.0,0.0,South Dakota
46,19,0.0,0.0,0.0,South Dakota
46,21,0.0,0.0,0.0,South Dakota
46,23,0.0,0.0,0.0451,South Dakota
46,25,0.0,0.0,0.0,South Dakota
46,27,0.0,0.0,0.0902,South Dakota
46,29,0.0,0.0,0.0193,South Dakota
46,31,0.0,0.0,0.0,South Dakota
46,33,0.0,0.0,0.0676,South Dakota
46,35,0.0,0.0,0.0,South Dakota
46,37,0.0,0.0,0.0451,South Dakota
46,39,0.0,0.0,0.0,South Dakota
46,41,0.0,0.0,0.0,South Dakota
46,43,0.0,0.0,0.0,South Dakota
46,45,0.0,0.0,0.0676,South Dakota
46,47,0.0,0.0,0.0676,South Dakota
46,49,0.0,0.0,0.0,South Dakota
46,51,0.0,0.0,0.0,South Dakota
46,53,0.0,0.0,0.0,South Dakota
46,55,0.0,0.0,0.0,South Dakota
46,57,0.0,0.0,0.0676,South Dakota
46,59,0.0,0.0,0.0676,South Dakota
46,61,0.0,0.0,0.0,South Dakota
46,63,0.0,0.0,0.0,South Dakota
46,65,0.0,0.0,0.0,South Dakota
46,67,0.0,0.0,0.0,South Dakota
46,69,0.0,0.0,0.1353,South Dakota
46,71,0.0,0.0,0.0676,South Dakota
46,73,0.0,0.0,0.0,South Dakota
46,75,0.0,0.0,0.0,South Dakota
46,77,0.0,0.0,0.0,South Dakota
46,79,0.0,0.0,0.0,South Dakota
46,81,0.0,0.0,0.0541,South Dakota
46,83,0.0,0.0,0.0615,South Dakota
46,85,0.0,0.0,0.0,South Dakota
46,87,0.0,0.0,0.0,South Dakota
46,89,0.0,0.0,0.0,South Dakota
46,91,0.0,0.0,0.0,South Dakota
46,93,0.0,0.0,0.0271,South Dakota
46,95,0.0,0.0,0.0,South Dakota
46,97,0.0,0.0,0.0,South Dakota
46,99,0.0,0.0,0.0483,South Dakota
46,101,0.0,0.0,0.0676,South Dakota
46,102,0.0,0.0,0.0,South Dakota
46,103,0.0,0.0,0.0412,South Dakota
46,105,0.0,0.0,0.0,South Dakota
46,107,0.0,0.0,0.0,South Dakota
46,109,0.0,0.0,0.0676,South Dakota
46,111,0.0,0.0,0.0,South Dakota
46,115,0.0,0.0,0.0451,South Dakota
46,117,0.0,0.0,0.0,South Dakota
46,119,0.0,0.0,0.0,South Dakota
46,121,0.0,0.0,0.0,South Dakota
46,123,0.0,0.0,0.0,South Dakota
46,125,0.0,0.0,0.0,South Dakota
46,127,0.0,0.0,0.0451,South Dakota
46,129,0.0,0.0,0.0,South Dakota
46,135,0.0,0.0,0.0271,South Dakota
46,137,0.0,0.0,0.0,South Dakota
47,1,0.1445,0.1317,0.0376,Tennessee
47,3,0.0,0.0,0.015,Tennessee
47,5,0.0,0.0,0.0271,Tennessee
47,7,0.0,0.0,0.0,Tennessee
47,9,0.0928,0.1691,0.0145,Tennessee
47,11,0.0,0.0,0.0285,Tennessee
47,13,0.0,0.0,0.0123,Tennessee
47,15,0.0,0.0,0.0451,Tennessee
47,17,0.3248,0.296,0.0338,Tennessee
47,19,0.0,0.0,0.0,Tennessee
47,21,0.0,0.0,0.0451,Tennessee
47,23,0.0,0.0,0.0,Tennessee
47,25,0.0,0.0,0.0301,Tennessee
47,27,0.0,0.0,0.0,Tennessee
47,29,0.2887,0.2631,0.015,Tennessee
47,31,0.2165,0.1973,0.0338,Tennessee
47,33,0.0,0.0,0.0271,Tennessee
47,35,0.0,0.0,0.0193,Tennessee
47,37,0.0483,0.0587,0.0504,Tennessee
47,39,0.0,0.0,0.0,Tennessee
47,41,0.0,0.0,0.0,Tennessee
47,43,0.0,0.0,0.0271,Tennessee
47,45,0.0,0.0,0.0169,Tennessee
47,47,0.0,0.0,0.0246,Tennessee
47,49,0.0,0.0,0.0,Tennessee
47,51,0.0,0.0,0.0301,Tennessee
47,53,0.1855,0.1691,0.0483,Tennessee
47,55,0.0,0.0,0.0169,Tennessee
47,57,0.0,0.0,0.0,Tennessee
47,59,0.0,0.0,0.009,Tennessee
47,61,0.0,0.0,0.0,Tennessee
47,63,0.0,0.0,0.0226,Tennessee
47,65,0.0634,0.0578,0.0363,Tennessee
47,67,0.0,0.0,0.0,Tennessee
47,69,0.0,0.0,0.0,Tennessee
47,71,0.0,0.0,0.0226,Tennessee
47,73,0.0,0.0,0.0104,Tennessee
47,75,0.0,0.0,0.0,Tennessee
47,77,0.0,0.0,0.0,Tennessee
47,79,0.0,0.0,0.0301,Tennessee
47,81,0.0,0.0,0.0226,Tennessee
47,83,0.0,0.0,0.0451,Tennessee
47,85,0.0,0.0,0.0271,Tennessee
47,87,0.0,0.0,0.0,Tennessee
47,89,0.0,0.0,0.0301,Tennessee
47,91,0.0,0.0,0.0,Tennessee
47,93,0.0231,0.0424,0.0495,Tennessee
47,95,0.0,0.0,0.0,Tennessee
47,97,0.0,0.0,0.0,Tennessee
47,99,0.0,0.0,0.0123,Tennessee
47,101,0.0,0.0,0.0,Tennessee
47,103,0.0,0.0,0.015,Tennessee
47,105,0.0,0.0,0.0406,Tennessee
47,107,0.0,0.0,0.0135,Tennessee
47,109,0.0,0.0,0.0,Tennessee
47,111,0.0,0.0,0.0,Tennessee
47,113,0.0,0.0,0.0351,Tennessee
47,115,0.0,0.0,0.0226,Tennessee
47,117,0.0,0.0,0.0676,Tennessee
47,119,0.0,0.0,0.0557,Tennessee
47,121,0.0,0.0,0.0,Tennessee
47,123,0.0,0.0,0.0,Tennessee
47,125,0.0665,0.0606,0.0382,Tennessee
47,127,0.0,0.0,0.0676,Tennessee
47,129,0.0,0.0,0.0,Tennessee
47,131,0.0,0.0,0.0,Tennessee
47,133,0.0,0.0,0.0,Tennessee
47,135,0.0,0.0,0.0,Tennessee
47,137,0.0,0.0,0.0,Tennessee
47,139,0.0,0.0,0.0541,Tennessee
47,141,0.0,0.0,0.0271,Tennessee
47,143,0.0,0.0,0.0451,Tennessee
47,145,0.2362,0.2153,0.0615,Tennessee
47,147,0.0,0.0,0.0193,Tennessee
47,149,0.053,0.0483,0.0442,Tennessee
47,151,0.0,0.0,0.0,Tennessee
47,153,0.0,0.0,0.0,Tennessee
47,155,0.1445,0.1317,0.0226,Tennessee
47,157,0.0587,0.0535,0.0386,Tennessee
47,159,0.0,0.0,0.0,Tennessee
47,161,1.0394,0.9472,0.0541,Tennessee
47,163,0.0,0.0,0.0277,Tennessee
47,165,0.0,0.0,0.0419,Tennessee
47,167,0.0,0.0,0.0416,Tennessee
47,169,0.0,0.0,0.0676,Tennessee
47,171,0.0,0.0,0.0338,Tennessee
47,173,0.0,0.0,0.0338,Tennessee
47,175,0.0,0.0,0.0,Tennessee
47,177,0.0,0.0,0.0,Tennessee
47,179,0.113,0.103,0.0353,Tennessee
47,181,0.0,0.0,0.0,Tennessee
47,183,0.0,0.0,0.0246,Tennessee
47,185,0.0,0.0,0.0226,Tennessee
47,187,0.0,0.0,0.0914,Tennessee
47,189,0.0,0.0,0.058,Tennessee
48,1,0.0,0.0,0.0738,Texas
48,3,0.0,0.0,0.0338,Texas
48,5,0.0,0.0,0.0159,Texas
48,7,0.4332,0.3947,0.0451,Texas
48,9,0.0,0.0,0.0451,Texas
48,11,0.0,0.0,0.1353,Texas
48,13,0.0,0.0,0.0338,Texas
48,15,0.0,0.0,0.0451,Texas
48,17,0.0,0.0,0.0,Texas
48,19,0.0,0.0,0.0271,Texas
48,21,0.0,0.0,0.0271,Texas
48,23,0.0,0.0,0.0,Texas
48,25,0.0,0.0,0.0773,Texas
48,27,0.12,0.1094,0.0291,Texas
48,29,0.0283,0.0258,0.0355,Texas
48,31,0.0,0.0,0.0676,Texas
48,33,0.0,0.0,0.1353,Texas
48,35,0.0,0.0,0.0,Texas
48,37,0.0,0.0,0.0226,Texas
48,39,0.0509,0.0464,0.0557,Texas
48,41,0.1237,0.1127,0.0709,Texas
48,43,0.0,0.0,0.0,Texas
48,45,0.0,0.0,0.0,Texas
48,47,0.0,0.0,0.0,Texas
48,49,0.0,0.0,0.0564,Texas
48,51,0.0,0.0,0.0541,Texas
48,53,0.0,0.0,0.1184,Texas
48,55,0.0,0.0,0.0507,Texas
48,57,0.4332,0.3947,0.0451,Texas
48,59,0.0,0.0,0.0,Texas
48,61,0.0896,0.0817,0.0155,Texas
48,63,0.0,0.0,0.0451,Texas
48,65,0.0,0.0,0.0676,Texas
48,67,0.0,0.0,0.0773,Texas
48,69,0.0,0.0,0.0,Texas
48,71,0.7424,0.6765,0.0966,Texas
48,73,0.0,0.0,0.0226,Texas
48,75,0.0,0.0,0.0676,Texas
48,77,0.0,0.0,0.0902,Texas
48,79,0.0,0.0,0.0,Texas
48,81,0.0,0.0,0.0676,Texas
48,83,0.0,0.0,0.0451,Texas
48,85,0.0,0.0,0.089,Texas
48,87,0.0,0.0,0.0,Texas
48,89,0.0,0.0,0.0271,Texas
48,91,0.0,0.0,0.0846,Texas
48,93,0.0,0.0,0.0676,Texas
48,95,0.0,0.0,0.0,Texas
48,97,0.0,0.0,0.0169,Texas
48,99,0.2736,0.2494,0.0498,Texas
48,101,0.0,0.0,0.0,Texas
48,103,0.0,0.0,0.0,Texas
48,105,0.0,0.0,0.0,Texas
48,107,0.0,0.0,0.0,Texas
48,109,0.0,0.0,0.0,Texas
48,111,0.0,0.0,0.0676,Texas
48,113,0.0099,0.009,0.0499,Texas
48,115,0.0,0.0,0.0676,Texas
48,117,0.0,0.0,0.0676,Texas
48,119,0.0,0.0,0.0676,Texas
48,121,0.0,0.0,0.0681,Texas
48,123,0.0,0.0,0.0271,Texas
48,125,0.0,0.0,0.0,Texas
48,127,0.0,0.0,0.0,Texas
48,129,0.0,0.0,0.0,Texas
48,131,0.0,0.0,0.0,Texas
48,133,0.0,0.0,0.0271,Texas
48,135,0.0,0.0,0.0532,Texas
48,137,0.0,0.0,0.0,Texas
48,139,0.0,0.0,0.0524,Texas
48,141,0.0161,0.0147,0.0252,Texas
48,143,0.0,0.0,0.0846,Texas
48,145,0.0,0.0,0.0226,Texas
48,147,0.0,0.0,0.0451,Texas
48,149,0.0,0.0,0.0193,Texas
48,151,0.0,0.0,0.0,Texas
48,153,0.0,0.0,0.0,Texas
48,155,0.0,0.0,0.0,Texas
48,157,0.0343,0.0313,0.057,Texas
48,159,0.0,0.0,0.0451,Texas
48,161,0.0,0.0,0.058,Texas
48,163,0.0,0.0,0.0,Texas
48,165,0.0,0.0,0.0902,Texas
48,167,0.0387,0.0353,0.0424,Texas
48,169,0.0,0.0,0.1353,Texas
48,171,0.0,0.0,0.0271,Texas
48,173,0.0,0.0,0.1353,Texas
48,175,0.0,0.0,0.0676,Texas
48,177,0.0,0.0,0.0226,Texas
48,179,0.0,0.0,0.0387,Texas
48,181,0.0,0.0,0.0468,Texas
48,183,0.0,0.0947,0.0487,Texas
48,185,0.0,0.3947,0.0226,Texas
48,187,0.0,0.0,0.0466,Texas
48,189,0.0,0.0,0.015,Texas
48,191,0.0,0.0,0.0,Texas
48,193,0.0,0.0,0.0,Texas
48,195,0.0,0.0,0.0,Texas
48,197,0.0,0.0,0.0,Texas
48,199,0.0,0.0,0.0246,Texas
48,201,0.0099,0.0121,0.0454,Texas
48,203,0.0,0.0,0.0483,Texas
48,205,0.0,0.0,0.0,Texas
48,207,0.0,0.0,0.0,Texas
48,209,0.0,0.0,0.0595,Texas
48,211,0.0,0.0,0.0,Texas
48,213,0.0,0.0,0.0398,Texas
48,215,0.0229,0.0208,0.0168,Texas
48,217,0.0,0.0,0.0,Texas
48,219,0.0,0.0,0.058,Texas
48,221,0.0,0.0,0.0676,Texas
48,223,0.0,0.0,0.015,Texas
48,225,0.0,0.0,0.0193,Texas
48,227,0.0,0.0,0.0676,Texas
48,229,0.0,0.0,0.0,Texas
48,231,0.0,0.0,0.0356,Texas
48,233,0.0,0.0,0.0387,Texas
48,235,0.0,0.0,0.0,Texas
48,237,0.0,0.0,0.0,Texas
48,239,0.0,0.0,0.0451,Texas
48,241,0.0,0.0,0.0169,Texas
48,243,0.0,0.0,0.0,Texas
48,245,0.1424,0.1298,0.0408,Texas
48,247,0.0,0.0,0.0,Texas
48,249,0.0,0.0,0.0,Texas
48,251,0.0,0.0,0.0338,Texas
48,253,0.4332,0.3947,0.0676,Texas
48,255,0.0,0.0,0.0,Texas
48,257,0.0,0.0,0.0075,Texas
48,259,0.0,0.0,0.0451,Texas
48,261,1.2992,1.184,0.1353,Texas
48,263,0.0,0.0,0.0,Texas
48,265,0.0,0.0,0.0135,Texas
48,267,0.0,0.0,0.0,Texas
48,269,0.0,0.0,0.1353,Texas
48,271,0.0,0.0,0.0,Texas
48,273,0.4332,0.3947,0.0451,Texas
48,275,0.0,0.0,0.0,Texas
48,277,0.0,0.0,0.0338,Texas
48,279,0.0,0.0,0.0271,Texas
48,281,0.0,0.0,0.0541,Texas
48,283,0.0,0.0,0.1353,Texas
48,285,0.0,0.0,0.0451,Texas
48,287,0.0,0.0,0.0676,Texas
48,289,0.0,0.0,0.0451,Texas
48,291,0.0,0.0,0.029,Texas
48,293,0.0,0.0,0.0169,Texas
48,295,0.0,0.0,0.0676,Texas
48,297,0.0,0.0,0.0338,Texas
48,299,0.0,0.0,0.0676,Texas
48,301,0.0,0.0,0.1353,Texas
48,303,0.0382,0.0348,0.0358,Texas
48,305,0.0,0.0,0.0,Texas
48,307,0.0,0.0,0.0,Texas
48,309,0.1019,0.0928,0.0424,Texas
48,311,0.0,0.0,0.1353,Texas
48,313,0.0,0.0,0.0,Texas
48,315,0.0,0.0,0.0338,Texas
48,317,0.0,0.0,0.0676,Texas
48,319,0.0,0.0,0.0676,Texas
48,321,0.2362,0.2153,0.0984,Texas
48,323,0.0,0.0,0.0,Texas
48,325,0.0,0.0,0.0507,Texas
48,327,0.0,0.0,0.0,Texas
48,329,0.0961,0.0876,0.0752,Texas
48,331,0.0,0.0,0.058,Texas
48,333,0.0,0.0,0.0676,Texas
48,335,0.0,0.0,0.1353,Texas
48,337,0.0,0.0,0.0451,Texas
48,339,0.0,0.0,0.0505,Texas
48,341,0.0,0.0,0.0,Texas
48,343,0.0,0.0,0.0,Texas
48,345,0.0,0.0,0.1353,Texas
48,347,0.0,0.0,0.0312,Texas
48,349,0.0,0.0,0.0271,Texas
48,351,0.0,0.0,0.0,Texas
48,353,0.0,0.0,0.0271,Texas
48,355,0.0951,0.0867,0.0413,Texas
48,357,0.0,0.0,0.0,Texas
48,359,0.0,0.0,0.1353,Texas
48,361,0.0,0.0,0.0451,Texas
48,363,0.0,0.0,0.015,Texas
48,365,0.0,0.0,0.0451,Texas
48,367,0.0,0.0,0.0356,Texas
48,369,0.0,0.0,0.0,Texas
48,371,0.0,0.0,0.0676,Texas
48,373,0.0,0.0,0.0271,Texas
48,375,0.0764,0.0696,0.0199,Texas
48,377,0.0,0.0,0.0,Texas
48,379,0.0,0.0,0.0676,Texas
48,381,0.0,0.0,0.0746,Texas
48,383,0.0,0.0,0.1353,Texas
48,385,0.0,0.0,0.0,Texas
48,387,0.0,0.0,0.0338,Texas
48,389,0.0,0.0,0.1082,Texas
48,391,0.0,0.0,0.0,Texas
48,393,0.0,0.0,0.1353,Texas
48,395,0.0,0.0,0.0541,Texas
48,397,0.0,0.0,0.0615,Texas
48,399,0.0,0.0,0.1015,Texas
48,401,0.0,0.0,0.052,Texas
48,403,0.0,0.0,0.0,Texas
48,405,0.0,0.0,0.0451,Texas
48,407,0.0,0.0,0.0,Texas
48,409,0.0,0.0,0.0423,Texas
48,411,0.0,0.0,0.0,Texas
48,413,0.0,0.0,0.1353,Texas
48,415,0.0,0.0,0.1015,Texas
48,417,0.0,0.0,0.0,Texas
48,419,0.0,0.0,0.0226,Texas
48,421,0.0,0.0,0.0,Texas
48,423,0.0634,0.0578,0.0429,Texas
48,425,0.0,0.0,0.0,Texas
48,427,0.0,0.0,0.0,Texas
48,429,0.0,0.0,0.0,Texas
48,431,0.0,0.0,0.0,Texas
48,433,0.0,0.0,0.1353,Texas
48,435,0.0,0.0,0.0,Texas
48,437,0.0,0.0,0.0451,Texas
48,439,0.0073,0.0066,0.0462,Texas
48,441,0.1367,0.1246,0.0534,Texas
48,443,0.0,0.0,0.1353,Texas
48,445,0.0,0.0,0.0,Texas
48,447,0.0,0.0,0.1353,Texas
48,449,0.0,0.0,0.0,Texas
48,451,0.1039,0.0947,0.0487,Texas
48,453,0.0359,0.0327,0.0689,Texas
48,455,0.0,0.0,0.0541,Texas
48,457,0.0,0.0,0.0271,Texas
48,459,0.0,0.0,0.0,Texas
48,461,0.0,0.0,0.0676,Texas
48,463,0.0,0.0,0.0541,Texas
48,465,0.2598,0.2368,0.0271,Texas
48,467,0.0,0.0,0.0271,Texas
48,469,0.113,0.103,0.0412,Texas
48,471,0.0,0.0,0.0812,Texas
48,473,0.4332,0.3947,0.0226,Texas
48,475,0.0,0.0,0.0902,Texas
48,477,0.0,0.0,0.0226,Texas
48,479,0.0426,0.0388,0.0244,Texas
48,481,0.0,0.0,0.0369,Texas
48,483,0.0,0.0,0.0,Texas
48,485,0.0702,0.0639,0.0512,Texas
48,487,0.0,0.0,0.0338,Texas
48,489,0.4332,0.3947,0.0451,Texas
48,491,0.0,0.0,0.0684,Texas
48,493,0.0,0.0,0.0615,Texas
48,495,0.0,0.0,0.0451,Texas
48,497,0.0,0.0,0.0123,Texas
48,499,0.0,0.0,0.0135,Texas
48,501,0.0,0.0,0.1353,Texas
48,503,0.0,0.0,0.0676,Texas
48,505,0.0,0.0,0.0451,Texas
48,507,0.0,0.0,0.0,Texas
49,1,0.0,0.0,0.1353,Utah
49,3,0.0,0.0,0.0123,Utah
49,5,0.0,0.0,0.052,Utah
49,7,0.0,0.0,0.0271,Utah
49,9,0.0,0.0,0.1353,Utah
49,11,0.0,0.0438,0.0752,Utah
49,13,0.0,0.0,0.0,Utah
49,15,0.0,0.0,0.0451,Utah
49,17,0.0,0.0,0.0,Utah
49,19,0.0,0.0,0.0,Utah
49,21,0.0,0.0,0.0338,Utah
49,23,0.0,0.0,0.0676,Utah
49,25,0.0,0.0,0.1353,Utah
49,27,0.0,0.0,0.0,Utah
49,29,0.0,0.0,0.0676,Utah
49,31,0.0,0.0,0.0,Utah
49,33,0.0,0.0,0.0,Utah
49,35,0.0244,0.0223,0.0683,Utah
49,37,0.0,0.0,0.0338,Utah
49,39,0.0,0.0,0.0,Utah
49,41,0.0,0.0,0.0,Utah
49,43,0.0,0.0,0.1145,Utah
49,45,0.2362,0.2153,0.0369,Utah
49,47,0.0,0.0,0.0226,Utah
49,49,0.0203,0.0185,0.0624,Utah
49,51,0.0,0.0,0.0676,Utah
49,53,0.0,0.0,0.0451,Utah
49,55,0.0,0.0,0.0,Utah
49,57,0.0,0.0,0.0649,Utah
50,1,0.0,0.0,0.0,Vermont
50,3,0.0,0.0,0.0226,Vermont
50,5,0.0,0.0,0.0135,Vermont
50,7,0.0743,0.0677,0.0541,Vermont
50,9,0.0,0.0,0.0,Vermont
50,11,0.0,0.0,0.0,Vermont
50,13,0.0,0.0,0.0676,Vermont
50,15,0.0,0.0,0.0193,Vermont
50,17,0.0,0.0,0.0271,Vermont
50,19,0.0,0.0,0.0,Vermont
50,21,0.0,0.0,0.0203,Vermont
50,23,0.0,0.0,0.0214,Vermont
50,25,0.0,0.0,0.0226,Vermont
50,27,0.0,0.0,0.015,Vermont
51,1,0.8661,0.7893,0.0676,Virginia
51,3,0.0,0.0,0.0922,Virginia
51,5,0.0,0.0,0.0226,Virginia
51,7,0.0,0.0,0.0,Virginia
51,9,0.0,0.0,0.0601,Virginia
51,11,0.0,0.0,0.0,Virginia
51,13,0.0881,0.0803,0.1124,Virginia
51,15,0.0,0.0,0.0208,Virginia
51,17,0.0,0.0,0.0,Virginia
51,19,0.0,0.0,0.0637,Virginia
51,21,0.0,0.0,0.0,Virginia
51,23,0.0,0.0,0.0676,Virginia
51,25,0.5197,0.4736,0.0271,Virginia
51,27,0.0,0.0,0.0193,Virginia
51,29,0.0,0.0,0.0338,Virginia
51,31,0.0,0.0,0.0226,Virginia
51,33,0.0,0.0,0.0193,Virginia
51,35,0.0,0.0,0.0193,Virginia
51,36,0.0,0.0,0.0,Virginia
51,37,0.0,0.0,0.0,Virginia
51,41,0.0,0.0,0.0591,Virginia
51,43,0.0,0.0,0.0451,Virginia
51,45,0.0,0.0,0.0,Virginia
51,47,0.0,0.0,0.0338,Virginia
51,49,0.0,0.0,0.0676,Virginia
51,51,0.0,0.0,0.0,Virginia
51,53,0.3713,0.3384,0.058,Virginia
51,57,0.0,0.0,0.0,Virginia
51,59,0.0301,0.0275,0.1007,Virginia
51,61,0.0,0.0,0.0796,Virginia
51,63,0.0,0.0,0.0451,Virginia
51,65,0.0,0.0,0.0676,Virginia
51,67,0.0,0.0,0.0406,Virginia
51,69,0.0,0.0,0.0483,Virginia
51,71,0.0,0.0,0.1015,Virginia
51,73,0.0,0.0,0.0676,Virginia
51,75,0.0,0.4736,0.0812,Virginia
51,77,0.0,0.0,0.0271,Virginia
51,79,0.0,0.0,0.0451,Virginia
51,81,0.8661,0.7893,0.1353,Virginia
51,83,0.0,0.0,0.0601,Virginia
51,85,0.0,0.0,0.0941,Virginia
51,87,0.0405,0.0369,0.0634,Virginia
51,89,0.0,0.0,0.0,Virginia
51,91,0.0,0.0,0.0,Virginia
51,93,0.0,0.0,0.0507,Virginia
51,95,0.0,0.0,0.0738,Virginia
51,97,0.0,0.0,0.0676,Virginia
51,99,0.0,0.0,0.0541,Virginia
51,101,0.0,0.0,0.0,Virginia
51,103,0.6496,0.592,0.0676,Virginia
51,105,0.0,0.0,0.0,Virginia
51,107,0.04,0.0365,0.0833,Virginia
51,109,0.0,0.0,0.0226,Virginia
51,111,0.0,0.0,0.0,Virginia
51,113,0.0,0.0,0.0676,Virginia
51,115,0.8661,0.7893,0.0902,Virginia
51,117,0.0,0.0,0.0301,Virginia
51,119,0.5197,0.4736,0.1082,Virginia
51,121,0.1624,0.148,0.0592,Virginia
51,125,0.0,0.0,0.0902,Virginia
51,127,0.0,0.0,0.0902,Virginia
51,131,0.6496,0.592,0.0676,Virginia
51,133,0.6496,0.592,0.1353,Virginia
51,135,0.6496,0.592,0.0338,Virginia
51,137,0.0,0.0,0.0812,Virginia
51,139,0.0,0.0,0.0,Virginia
51,141,0.0,0.0,0.0,Virginia
51,143,0.0,0.0,0.0254,Virginia
51,145,0.0,0.0,0.1082,Virginia
51,147,0.0,0.4736,0.0271,Virginia
51,149,0.0,0.0,0.0387,Virginia
51,153,0.0312,0.0284,0.0864,Virginia
51,155,0.5197,0.4736,0.0676,Virginia
51,157,0.0,0.0,0.0676,Virginia
51,159,0.0,0.0,0.0,Virginia
51,161,0.0,0.0,0.0752,Virginia
51,163,0.0,0.0,0.0338,Virginia
51,165,0.0,0.0,0.0641,Virginia
51,167,0.0,0.0,0.0,Virginia
51,169,0.0,0.0,0.0,Virginia
51,171,0.0,0.0,0.015,Virginia
51,173,0.0,0.0,0.0,Virginia
51,175,0.5197,0.4736,0.0541,Virginia
51,177,0.0,0.0,0.0406,Virginia
51,179,0.0,0.0876,0.0752,Virginia
51,181,0.0,0.0,0.0,Virginia
51,183,0.5197,0.4736,0.0271,Virginia
51,185,0.0,0.0,0.0123,Virginia
51,187,0.0,0.0,0.0338,Virginia
51,191,0.0,0.0,0.0416,Virginia
51,193,0.0,0.0,0.0,Virginia
51,195,0.0,0.0,0.0,Virginia
51,197,0.0,0.0,0.0676,Virginia
51,199,0.1733,0.1579,0.1082,Virginia
51,510,0.0,0.0,0.0783,Virginia
51,520,0.0,0.0,0.0338,Virginia
51,530,0.0,0.0,0.0,Virginia
51,540,0.0,0.0,0.0676,Virginia
51,550,0.0,0.0,0.0726,Virginia
51,570,0.0,0.0,0.0812,Virginia
51,580,0.0,0.0,0.0,Virginia
51,590,0.1624,0.148,0.0338,Virginia
51,595,0.0,0.0,0.0,Virginia
51,600,0.0,0.0,0.1353,Virginia
51,610,0.0,0.0,0.0902,Virginia
51,620,0.0,0.0,0.0,Virginia
51,630,0.0,0.0,0.0226,Virginia
51,640,0.0,0.0,0.0676,Virginia
51,650,0.0764,0.0696,0.0637,Virginia
51,660,0.0,0.0,0.0369,Virginia
51,670,0.3713,0.3384,0.0193,Virginia
51,678,0.0,0.0,0.0,Virginia
51,680,0.0,0.0,0.0641,Virginia
51,683,0.0,0.0,0.0193,Virginia
51,685,0.0,0.0,0.0,Virginia
51,690,0.0,0.0,0.0541,Virginia
51,700,0.0,0.0,0.0338,Virginia
51,710,0.1284,0.117,0.0518,Virginia
51,720,0.0,0.0,0.0,Virginia
51,730,0.0,0.0,0.0246,Virginia
51,735,0.6496,0.592,0.1015,Virginia
51,740,0.0839,0.0765,0.0524,Virginia
51,750,0.0,0.0,0.0,Virginia
51,760,0.0,0.0,0.0533,Virginia
51,770,0.0,0.0,0.0353,Virginia
51,775,0.0,0.0,0.0541,Virginia
51,790,0.0,0.0,0.0226,Virginia
51,800,0.0,0.0,0.0628,Virginia
51,810,0.026,0.0474,0.0731,Virginia
51,820,0.0,0.0,0.0271,Virginia
51,830,0.0,0.0,0.0,Virginia
51,840,0.0,0.0,0.0541,Virginia
53,1,0.0,0.0,0.0271,Washington
53,3,0.0,0.0,0.0226,Washington
53,5,0.0702,0.0639,0.0439,Washington
53,7,0.0,0.0,0.0387,Washington
53,9,0.1182,0.1077,0.0246,Washington
53,11,0.0,0.0,0.0299,Washington
53,13,0.0,0.0,0.0,Washington
53,15,0.0,0.0,0.0226,Washington
53,17,0.0,0.0,0.0169,Washington
53,19,0.0,0.0,0.0451,Washington
53,21,0.1998,0.1821,0.0312,Washington
53,23,0.0,0.0,0.1353,Washington
53,25,0.0,0.0,0.0,Washington
53,27,0.1528,0.1392,0.0239,Washington
53,29,0.1182,0.1077,0.0615,Washington
53,31,0.3248,0.296,0.0169,Washington
53,33,0.0065,0.0118,0.0591,Washington
53,35,0.0473,0.0862,0.0394,Washington
53,37,0.0,0.0,0.0507,Washington
53,39,0.0,0.0,0.0,Washington
53,41,0.0,0.0,0.0135,Washington
53,43,0.0,0.0,0.0676,Washington
53,45,0.0,0.0,0.0097,Washington
53,47,0.0,0.0,0.0,Washington
53,49,0.3248,0.296,0.0507,Washington
53,51,0.0,0.0,0.0271,Washington
53,53,0.0,0.0137,0.0441,Washington
53,55,0.5197,0.4736,0.0271,Washington
53,57,0.0865,0.0789,0.0271,Washington
53,59,0.0,0.0,0.0541,Washington
53,61,0.0343,0.0313,0.0448,Washington
53,63,0.0,0.0,0.0232,Washington
53,65,0.0,0.0,0.0113,Washington
53,67,0.052,0.0474,0.0352,Washington
53,69,0.0,0.0,0.0,Washington
53,71,0.2165,0.1973,0.0451,Washington
53,73,0.0,0.0,0.0318,Washington
53,75,0.0,0.0,0.0271,Washington
53,77,0.0,0.0,0.0271,Washington
54,1,0.0,0.0,0.0,West Virginia
54,3,0.0,0.0,0.0,West Virginia
54,5,0.0,0.0,0.0169,West Virginia
54,7,0.0,0.0,0.0,West Virginia
54,9,0.0,0.0,0.0451,West Virginia
54,11,0.0,0.0,0.0233,West Virginia
54,13,0.0,0.0,0.0,West Virginia
54,15,0.0,0.0,0.0,West Virginia
54,17,0.0,0.0,0.0,West Virginia
54,19,0.0,0.0,0.0113,West Virginia
54,21,0.0,0.0,0.0,West Virginia
54,23,0.0,0.0,0.0451,West Virginia
54,25,0.0,0.0,0.0,West Virginia
54,27,0.0,0.0,0.0,West Virginia
54,29,0.0,0.0,0.0169,West Virginia
54,31,0.0,0.0,0.0,West Virginia
54,33,0.0,0.0,0.0369,West Virginia
54,35,0.0,0.0,0.0,West Virginia
54,37,0.0,0.0,0.0361,West Virginia
54,39,0.0,0.0,0.0255,West Virginia
54,41,0.0,0.0,0.0,West Virginia
54,43,0.0,0.0,0.0,West Virginia
54,45,0.0,0.0,0.0,West Virginia
54,47,0.0,0.0,0.0,West Virginia
54,49,0.0,0.0,0.015,West Virginia
54,51,0.0,0.0,0.015,West Virginia
54,53,0.0,0.0,0.0226,West Virginia
54,55,0.0,0.0,0.0,West Virginia
54,57,0.0,0.0,0.0387,West Virginia
54,59,0.0,0.0,0.0,West Virginia
54,61,0.0,0.0987,0.0451,West Virginia
54,63,0.0,0.0,0.0451,West Virginia
54,65,0.0,0.0,0.0338,West Virginia
54,67,0.0,0.0,0.0,West Virginia
54,69,0.0,0.1317,0.0451,West Virginia
54,71,0.0,0.0,0.0,West Virginia
54,73,0.0,0.0,0.0,West Virginia
54,75,0.0,0.0,0.0338,West Virginia
54,77,0.0,0.0,0.0,West Virginia
54,79,0.0,0.0,0.0271,West Virginia
54,81,0.0,0.0,0.0,West Virginia
54,83,0.0,0.0,0.0387,West Virginia
54,85,0.0,0.0,0.0,West Virginia
54,87,0.0,0.0,0.0676,West Virginia
54,89,0.0,0.0,0.0,West Virginia
54,91,0.0,0.0,0.0676,West Virginia
54,93,0.0,0.0,0.0,West Virginia
54,95,0.0,0.0,0.0451,West Virginia
54,97,0.0,0.0,0.0226,West Virginia
54,99,0.0,0.0,0.0369,West Virginia
54,101,0.0,0.0,0.0,West Virginia
54,103,0.0,0.0,0.0,West Virginia
54,105,0.0,0.0,0.0,West Virginia
54,107,0.0,0.0,0.0104,West Virginia
54,109,0.0,0.0,0.0226,West Virginia
55,1,0.0,0.0,0.0,Wisconsin
55,3,0.3248,0.296,0.0169,Wisconsin
55,5,0.0,0.0,0.0,Wisconsin
55,7,0.4332,0.3947,0.0226,Wisconsin
55,9,0.0481,0.0438,0.0426,Wisconsin
55,11,0.0,0.0,0.0541,Wisconsin
55,13,0.0,0.0,0.0,Wisconsin
55,15,0.0,0.0,0.0492,Wisconsin
55,17,0.0,0.0,0.0,Wisconsin
55,19,0.0,0.0,0.0,Wisconsin
55,21,0.0,0.0,0.0,Wisconsin
55,23,0.0,0.0,0.0,Wisconsin
55,25,0.0486,0.0443,0.0392,Wisconsin
55,27,0.0,0.0,0.0338,Wisconsin
55,29,0.2598,0.2368,0.0541,Wisconsin
55,31,0.1998,0.1821,0.0208,Wisconsin
55,33,0.0,0.0,0.0169,Wisconsin
55,35,0.0,0.0,0.0203,Wisconsin
55,37,0.0,0.0,0.0,Wisconsin
55,39,0.0,0.0,0.0,Wisconsin
55,41,0.0,0.0,0.0,Wisconsin
55,43,0.0,0.0,0.0,Wisconsin
55,45,0.0,0.0,0.0,Wisconsin
55,47,0.0,0.0,0.0,Wisconsin
55,49,0.0,0.0,0.0,Wisconsin
55,51,0.6496,0.592,0.0338,Wisconsin
55,53,0.0,0.0,0.0,Wisconsin
55,55,0.0,0.0,0.0338,Wisconsin
55,57,0.0,0.0,0.0,Wisconsin
55,59,0.0722,0.0658,0.0301,Wisconsin
55,61,0.5197,0.4736,0.0271,Wisconsin
55,63,0.0,0.0,0.0162,Wisconsin
55,65,0.0,0.0,0.0,Wisconsin
55,67,0.0,0.0,0.0226,Wisconsin
55,69,0.0,0.0,0.0135,Wisconsin
55,71,0.1299,0.1184,0.0406,Wisconsin
55,73,0.0,0.0,0.02,Wisconsin
55,75,0.1998,0.1821,0.0208,Wisconsin
55,77,0.0,0.0,0.0,Wisconsin
55,78,0.0,0.0,0.0,Wisconsin
55,79,0.0174,0.0398,0.0291,Wisconsin
55,81,0.0,0.0,0.0301,Wisconsin
55,83,0.2362,0.2153,0.0246,Wisconsin
55,85,0.0,0.0,0.0097,Wisconsin
55,87,0.0,0.0,0.0372,Wisconsin
55,89,0.1367,0.1246,0.0712,Wisconsin
55,91,0.0,0.0,0.0,Wisconsin
55,93,0.0,0.0,0.0338,Wisconsin
55,95,0.0,0.0,0.0,Wisconsin
55,97,0.0,0.0,0.0193,Wisconsin
55,99,0.0,0.0,0.0,Wisconsin
55,101,0.0577,0.0526,0.0301,Wisconsin
55,103,0.0,0.0,0.0,Wisconsin
55,105,0.0,0.0,0.0214,Wisconsin
55,107,0.0,0.0,0.0,Wisconsin
55,109,0.0,0.0,0.0483,Wisconsin
55,111,0.0,0.0,0.0208,Wisconsin
55,113,0.0,0.0,0.0,Wisconsin
55,115,0.0,0.0,0.0,Wisconsin
55,117,0.0961,0.0876,0.0301,Wisconsin
55,119,0.0,0.0,0.0,Wisconsin
55,121,0.0,0.0,0.0338,Wisconsin
55,123,0.0,0.0,0.0,Wisconsin
55,125,0.0,0.0,0.0,Wisconsin
55,127,0.0,0.0,0.0062,Wisconsin
55,129,0.0,0.0,0.0,Wisconsin
55,131,0.0,0.0,0.0532,Wisconsin
55,133,0.0,0.0,0.0629,Wisconsin
55,135,0.0,0.0,0.0,Wisconsin
55,137,0.0,0.0,0.0,Wisconsin
55,139,0.0,0.0,0.0231,Wisconsin
55,141,0.0,0.0,0.008,Wisconsin
56,1,0.0,0.0,0.0812,Wyoming
56,3,0.0,0.0,0.0902,Wyoming
56,5,0.0,0.0,0.0773,Wyoming
56,7,0.0,0.0,0.0541,Wyoming
56,9,0.0,0.0,0.0338,Wyoming
56,11,0.0,0.0,0.1353,Wyoming
56,13,0.0,0.0,0.0271,Wyoming
56,15,0.0,0.0,0.0676,Wyoming
56,17,0.0,0.0,0.0676,Wyoming
56,19,0.0,0.0,0.1353,Wyoming
56,21,0.1237,0.1127,0.0837,Wyoming
56,23,0.0,0.0,0.0,Wyoming
56,25,0.0,0.0,0.0526,Wyoming
56,27,0.0,0.0,0.0,Wyoming
56,29,0.0,0.0,0.0812,Wyoming
56,31,0.0,0.0,0.0676,Wyoming
56,33,0.0,0.0,0.0676,Wyoming
56,35,0.0,0.0,0.1353,Wyoming
56,37,0.0,0.0,0.1127,Wyoming
56,39,0.0,0.0,0.1353,Wyoming
56,41,0.0,0.0,0.0451,Wyoming
56,43,0.0,0.0,0.1353,Wyoming
56,45,0.0,0.0,0.1353,Wyoming
